,Unnamed: 0,itinerary,ap_los,market,travel_time,fare,provider,search_date,ond,is_duplicate,price_rank_abs,time_rank_abs,price_rank,time_rank
0,1001,JQ0606-JQ0605,22_14,MELSYD,180,347.8,sabre,20180823,MELSYD,Y,29,1,1,1
1,1010,JQ0606-JQ0603,22_14,MELSYD,180,347.8,sabre,20180823,MELSYD,Y,29,1,1,1
2,1014,JQ0602-JQ0605,22_14,MELSYD,180,347.8,sabre,20180823,MELSYD,Y,29,1,1,1
3,1017,JQ0602-JQ0603,22_14,MELSYD,180,347.8,sabre,20180823,MELSYD,Y,29,1,1,1
4,1020,JQ0608-JQ0603,22_14,MELSYD,180,347.8,sabre,20180823,MELSYD,Y,29,1,1,1
5,1022,JQ0608-JQ0605,22_14,MELSYD,180,347.8,sabre,20180823,MELSYD,Y,29,1,1,1
6,1024,JQ0608-JQ0501,22_14,MELSYD,180,359.01,sabre,20180823,MELSYD,Y,30,1,2,1
7,1027,JQ0606-JQ0501,22_14,MELSYD,180,359.01,sabre,20180823,MELSYD,Y,30,1,2,1
8,1030,JQ0602-JQ0501,22_14,MELSYD,180,359.01,sabre,20180823,MELSYD,Y,30,1,2,1
9,1033,JQ0610-JQ0603,22_14,MELSYD,180,361.59,sabre,20180823,MELSYD,Y,31,1,3,1
10,1037,JQ0610-JQ0605,22_14,MELSYD,180,361.59,sabre,20180823,MELSYD,Y,31,1,3,1
11,1039,QF0410-JQ0605,22_14,MELSYD,180,370.8,sabre,20180823,MELSYD,Y,32,1,4,1
12,1042,QF0418-JQ0603,22_14,MELSYD,180,370.8,sabre,20180823,MELSYD,N,32,1,4,1
13,1045,QF0412-JQ0603,22_14,MELSYD,180,370.8,sabre,20180823,MELSYD,Y,32,1,4,1
14,1048,QF0416-JQ0605,22_14,MELSYD,180,370.8,sabre,20180823,MELSYD,N,32,1,4,1
15,1052,QF0408-JQ0605,22_14,MELSYD,180,370.8,sabre,20180823,MELSYD,Y,32,1,4,1
16,1054,QF0416-JQ0603,22_14,MELSYD,180,370.8,sabre,20180823,MELSYD,N,32,1,4,1
17,1057,QF0436-JQ0603,22_14,MELSYD,180,370.8,sabre,20180823,MELSYD,N,32,1,4,1
18,1060,QF0436-JQ0605,22_14,MELSYD,180,370.8,sabre,20180823,MELSYD,N,32,1,4,1
19,1063,QF0414-JQ0605,22_14,MELSYD,180,370.8,sabre,20180823,MELSYD,N,32,1,4,1
20,1066,QF0418-JQ0605,22_14,MELSYD,180,370.8,sabre,20180823,MELSYD,N,32,1,4,1
21,1069,QF0412-JQ0605,22_14,MELSYD,180,370.8,sabre,20180823,MELSYD,Y,32,1,4,1
22,1072,QF0464-JQ0603,22_14,MELSYD,180,370.8,sabre,20180823,MELSYD,N,32,1,4,1
23,1075,QF0402-JQ0603,22_14,MELSYD,180,370.8,sabre,20180823,MELSYD,Y,32,1,4,1
24,1078,QF0402-JQ0605,22_14,MELSYD,180,370.8,sabre,20180823,MELSYD,Y,32,1,4,1
25,1081,QF0464-JQ0605,22_14,MELSYD,180,370.8,sabre,20180823,MELSYD,N,32,1,4,1
26,1084,QF0408-JQ0603,22_14,MELSYD,180,370.8,sabre,20180823,MELSYD,Y,32,1,4,1
27,1087,QF0414-JQ0603,22_14,MELSYD,180,370.8,sabre,20180823,MELSYD,N,32,1,4,1
28,1090,QF0434-JQ0603,22_14,MELSYD,180,370.8,sabre,20180823,MELSYD,N,32,1,4,1
29,1093,QF0410-JQ0603,22_14,MELSYD,180,370.8,sabre,20180823,MELSYD,Y,32,1,4,1
30,1096,QF0470-JQ0605,22_14,MELSYD,180,370.8,sabre,20180823,MELSYD,N,32,1,4,1
31,1099,QF0470-JQ0603,22_14,MELSYD,180,370.8,sabre,20180823,MELSYD,N,32,1,4,1
32,1102,QF0434-JQ0605,22_14,MELSYD,180,370.8,sabre,20180823,MELSYD,N,32,1,4,1
33,1105,QF0422-JQ0605,22_14,MELSYD,180,370.8,sabre,20180823,MELSYD,N,32,1,4,1
34,1108,QF0422-JQ0603,22_14,MELSYD,180,370.8,sabre,20180823,MELSYD,N,32,1,4,1
35,1111,QF0494-JQ0605,22_14,MELSYD,180,370.8,sabre,20180823,MELSYD,N,32,1,4,1
36,1114,QF0494-JQ0603,22_14,MELSYD,180,370.8,sabre,20180823,MELSYD,N,32,1,4,1
37,1117,QF0490-JQ0603,22_14,MELSYD,180,370.8,sabre,20180823,MELSYD,N,32,1,4,1
38,1120,QF0490-JQ0605,22_14,MELSYD,180,370.8,sabre,20180823,MELSYD,N,32,1,4,1
39,1123,QF0420-JQ0603,22_14,MELSYD,180,370.8,sabre,20180823,MELSYD,N,32,1,4,1
40,1126,QF0484-JQ0603,22_14,MELSYD,180,370.8,sabre,20180823,MELSYD,N,32,1,4,1
41,1129,QF0484-JQ0605,22_14,MELSYD,180,370.8,sabre,20180823,MELSYD,N,32,1,4,1
42,1132,QF0420-JQ0605,22_14,MELSYD,180,370.8,sabre,20180823,MELSYD,N,32,1,4,1
43,1135,QF0488-JQ0603,22_14,MELSYD,180,370.8,sabre,20180823,MELSYD,N,32,1,4,1
44,1138,QF0488-JQ0605,22_14,MELSYD,180,370.8,sabre,20180823,MELSYD,N,32,1,4,1
45,1141,JQ0610-JQ0501,22_14,MELSYD,180,372.8,sabre,20180823,MELSYD,Y,33,1,5,1
46,1144,VA0817-VA0810,22_14,MELSYD,180,374.99,sabre,20180823,MELSYD,N,34,1,6,1
47,1147,VA0817-VA0808,22_14,MELSYD,180,374.99,sabre,20180823,MELSYD,N,34,1,6,1
48,1149,VA0817-VA0812,22_14,MELSYD,180,374.99,sabre,20180823,MELSYD,N,34,1,6,1
49,1152,VA0811-VA0800,22_14,MELSYD,180,374.99,sabre,20180823,MELSYD,N,34,1,6,1
50,1155,VA0803-VA0816,22_14,MELSYD,180,374.99,sabre,20180823,MELSYD,N,34,1,6,1
51,1158,VA0817-VA0814,22_14,MELSYD,180,374.99,sabre,20180823,MELSYD,N,34,1,6,1
52,1161,VA0803-VA0898,22_14,MELSYD,180,374.99,sabre,20180823,MELSYD,N,34,1,6,1
53,1164,VA0803-VA0894,22_14,MELSYD,180,374.99,sabre,20180823,MELSYD,N,34,1,6,1
54,1167,VA0813-VA0806,22_14,MELSYD,180,374.99,sabre,20180823,MELSYD,N,34,1,6,1
55,1169,VA0803-VA0814,22_14,MELSYD,180,374.99,sabre,20180823,MELSYD,N,34,1,6,1
56,1172,VA0803-VA0812,22_14,MELSYD,180,374.99,sabre,20180823,MELSYD,N,34,1,6,1
57,1175,VA0803-VA0810,22_14,MELSYD,180,374.99,sabre,20180823,MELSYD,N,34,1,6,1
58,1178,VA0803-VA0808,22_14,MELSYD,180,374.99,sabre,20180823,MELSYD,N,34,1,6,1
59,1181,VA0803-VA0806,22_14,MELSYD,180,374.99,sabre,20180823,MELSYD,N,34,1,6,1
60,1184,VA0803-VA0804,22_14,MELSYD,180,374.99,sabre,20180823,MELSYD,N,34,1,6,1
61,1187,VA0803-VA0800,22_14,MELSYD,180,374.99,sabre,20180823,MELSYD,N,34,1,6,1
62,1190,VA0817-VA0816,22_14,MELSYD,180,374.99,sabre,20180823,MELSYD,N,34,1,6,1
63,1193,VA0813-VA0816,22_14,MELSYD,180,374.99,sabre,20180823,MELSYD,N,34,1,6,1
64,1196,VA0811-VA0894,22_14,MELSYD,180,374.99,sabre,20180823,MELSYD,N,34,1,6,1
65,1199,VA0817-VA0806,22_14,MELSYD,180,374.99,sabre,20180823,MELSYD,N,34,1,6,1
66,1202,VA0815-VA0800,22_14,MELSYD,180,374.99,sabre,20180823,MELSYD,N,34,1,6,1
67,1205,VA0815-VA0898,22_14,MELSYD,180,374.99,sabre,20180823,MELSYD,N,34,1,6,1
68,1208,VA0815-VA0804,22_14,MELSYD,180,374.99,sabre,20180823,MELSYD,N,34,1,6,1
69,1211,VA0815-VA0894,22_14,MELSYD,180,374.99,sabre,20180823,MELSYD,N,34,1,6,1
70,1213,VA0815-VA0816,22_14,MELSYD,180,374.99,sabre,20180823,MELSYD,N,34,1,6,1
71,1216,VA0815-VA0814,22_14,MELSYD,180,374.99,sabre,20180823,MELSYD,N,34,1,6,1
72,1219,VA0815-VA0812,22_14,MELSYD,180,374.99,sabre,20180823,MELSYD,N,34,1,6,1
73,1221,VA0815-VA0810,22_14,MELSYD,180,374.99,sabre,20180823,MELSYD,N,34,1,6,1
74,1223,VA0815-VA0808,22_14,MELSYD,180,374.99,sabre,20180823,MELSYD,N,34,1,6,1
75,1226,VA0815-VA0806,22_14,MELSYD,180,374.99,sabre,20180823,MELSYD,N,34,1,6,1
76,1229,VA0813-VA0804,22_14,MELSYD,180,374.99,sabre,20180823,MELSYD,N,34,1,6,1
77,1232,VA0813-VA0898,22_14,MELSYD,180,374.99,sabre,20180823,MELSYD,N,34,1,6,1
78,1235,VA0813-VA0894,22_14,MELSYD,180,374.99,sabre,20180823,MELSYD,N,34,1,6,1
79,1238,VA0811-VA0804,22_14,MELSYD,180,374.99,sabre,20180823,MELSYD,N,34,1,6,1
80,1241,VA0813-VA0814,22_14,MELSYD,180,374.99,sabre,20180823,MELSYD,N,34,1,6,1
81,1244,VA0813-VA0812,22_14,MELSYD,180,374.99,sabre,20180823,MELSYD,N,34,1,6,1
82,1247,VA0813-VA0810,22_14,MELSYD,180,374.99,sabre,20180823,MELSYD,N,34,1,6,1
83,1250,VA0813-VA0808,22_14,MELSYD,180,374.99,sabre,20180823,MELSYD,N,34,1,6,1
84,1252,VA0817-VA0804,22_14,MELSYD,180,374.99,sabre,20180823,MELSYD,N,34,1,6,1
85,1255,VA0817-VA0800,22_14,MELSYD,180,374.99,sabre,20180823,MELSYD,N,34,1,6,1
86,1258,VA0813-VA0800,22_14,MELSYD,180,374.99,sabre,20180823,MELSYD,N,34,1,6,1
87,1261,VA0823-VA0816,22_14,MELSYD,180,374.99,sabre,20180823,MELSYD,N,34,1,6,1
88,1264,VA0811-VA0816,22_14,MELSYD,180,374.99,sabre,20180823,MELSYD,N,34,1,6,1
89,1266,VA0811-VA0814,22_14,MELSYD,180,374.99,sabre,20180823,MELSYD,N,34,1,6,1
90,1269,VA0811-VA0812,22_14,MELSYD,180,374.99,sabre,20180823,MELSYD,N,34,1,6,1
91,1273,VA0811-VA0810,22_14,MELSYD,180,374.99,sabre,20180823,MELSYD,N,34,1,6,1
92,1276,VA0811-VA0808,22_14,MELSYD,180,374.99,sabre,20180823,MELSYD,N,34,1,6,1
93,1279,VA0811-VA0806,22_14,MELSYD,180,374.99,sabre,20180823,MELSYD,N,34,1,6,1
94,1282,VA0899-VA0804,22_14,MELSYD,180,374.99,sabre,20180823,MELSYD,N,34,1,6,1
95,1284,VA0895-VA0806,22_14,MELSYD,180,374.99,sabre,20180823,MELSYD,N,34,1,6,1
96,1287,VA0895-VA0814,22_14,MELSYD,180,374.99,sabre,20180823,MELSYD,N,34,1,6,1
97,1290,VA0899-VA0810,22_14,MELSYD,180,374.99,sabre,20180823,MELSYD,N,34,1,6,1
98,1293,VA0899-VA0800,22_14,MELSYD,180,374.99,sabre,20180823,MELSYD,N,34,1,6,1
99,1296,VA0895-VA0898,22_14,MELSYD,180,374.99,sabre,20180823,MELSYD,N,34,1,6,1
100,1298,VA0895-VA0894,22_14,MELSYD,180,374.99,sabre,20180823,MELSYD,N,34,1,6,1
101,1300,VA0895-VA0816,22_14,MELSYD,180,374.99,sabre,20180823,MELSYD,N,34,1,6,1
102,1301,VA0817-VA0894,22_14,MELSYD,180,374.99,sabre,20180823,MELSYD,N,34,1,6,1
103,1304,VA0895-VA0812,22_14,MELSYD,180,374.99,sabre,20180823,MELSYD,N,34,1,6,1
104,1307,VA0895-VA0810,22_14,MELSYD,180,374.99,sabre,20180823,MELSYD,N,34,1,6,1
105,1312,VA0895-VA0808,22_14,MELSYD,180,374.99,sabre,20180823,MELSYD,N,34,1,6,1
106,1314,VA0899-VA0808,22_14,MELSYD,180,374.99,sabre,20180823,MELSYD,N,34,1,6,1
107,1315,VA0823-VA0800,22_14,MELSYD,180,374.99,sabre,20180823,MELSYD,N,34,1,6,1
108,1317,VA0811-VA0898,22_14,MELSYD,180,374.99,sabre,20180823,MELSYD,N,34,1,6,1
109,1319,VA0899-VA0812,22_14,MELSYD,180,374.99,sabre,20180823,MELSYD,N,34,1,6,1
110,1321,VA0899-VA0814,22_14,MELSYD,180,374.99,sabre,20180823,MELSYD,N,34,1,6,1
111,1323,VA0899-VA0816,22_14,MELSYD,180,374.99,sabre,20180823,MELSYD,N,34,1,6,1
112,1325,VA0899-VA0894,22_14,MELSYD,180,374.99,sabre,20180823,MELSYD,N,34,1,6,1
113,1327,VA0899-VA0898,22_14,MELSYD,180,374.99,sabre,20180823,MELSYD,N,34,1,6,1
114,1329,VA0817-VA0898,22_14,MELSYD,180,374.99,sabre,20180823,MELSYD,N,34,1,6,1
115,1331,VA0895-VA0800,22_14,MELSYD,180,374.99,sabre,20180823,MELSYD,N,34,1,6,1
116,1333,VA0899-VA0806,22_14,MELSYD,180,374.99,sabre,20180823,MELSYD,N,34,1,6,1
117,1334,VA0823-VA0894,22_14,MELSYD,180,374.99,sabre,20180823,MELSYD,N,34,1,6,1
118,1336,VA0823-VA0804,22_14,MELSYD,180,374.99,sabre,20180823,MELSYD,N,34,1,6,1
119,1338,VA0823-VA0806,22_14,MELSYD,180,374.99,sabre,20180823,MELSYD,N,34,1,6,1
120,1340,VA0823-VA0814,22_14,MELSYD,180,374.99,sabre,20180823,MELSYD,N,34,1,6,1
121,1342,VA0823-VA0808,22_14,MELSYD,180,374.99,sabre,20180823,MELSYD,N,34,1,6,1
122,1344,VA0823-VA0810,22_14,MELSYD,180,374.99,sabre,20180823,MELSYD,N,34,1,6,1
123,1346,VA0823-VA0812,22_14,MELSYD,180,374.99,sabre,20180823,MELSYD,N,34,1,6,1
124,1348,VA0895-VA0804,22_14,MELSYD,180,374.99,sabre,20180823,MELSYD,N,34,1,6,1
125,1351,VA0823-VA0898,22_14,MELSYD,180,374.99,sabre,20180823,MELSYD,N,34,1,6,1
126,1353,JQ0502-JQ0603,22_14,MELSYD,180,379.19,sabre,20180823,MELSYD,Y,35,1,7,1
127,1355,JQ0502-JQ0605,22_14,MELSYD,180,379.19,sabre,20180823,MELSYD,Y,35,1,7,1
128,1357,JQ0604-JQ0603,22_14,MELSYD,180,381.59,sabre,20180823,MELSYD,Y,36,1,8,1
129,1359,JQ0604-JQ0605,22_14,MELSYD,180,381.59,sabre,20180823,MELSYD,Y,36,1,8,1
130,1361,QF0408-JQ0501,22_14,MELSYD,180,382.01,sabre,20180823,MELSYD,N,37,1,9,1
131,1363,QF0436-JQ0501,22_14,MELSYD,180,382.01,sabre,20180823,MELSYD,N,37,1,9,1
132,1365,QF0434-JQ0501,22_14,MELSYD,180,382.01,sabre,20180823,MELSYD,N,37,1,9,1
133,1366,QF0422-JQ0501,22_14,MELSYD,180,382.01,sabre,20180823,MELSYD,N,37,1,9,1
134,1368,QF0420-JQ0501,22_14,MELSYD,180,382.01,sabre,20180823,MELSYD,N,37,1,9,1
135,1370,JQ0602-JQ0611,22_14,MELSYD,180,384,sabre,20180823,MELSYD,Y,38,1,10,1
136,1372,JQ0606-JQ0611,22_14,MELSYD,180,384,sabre,20180823,MELSYD,Y,38,1,10,1
137,1374,JQ0608-JQ0611,22_14,MELSYD,180,384,sabre,20180823,MELSYD,Y,38,1,10,1
138,1376,QF0462-JQ0501,22_14,MELSYD,180,387.02,sabre,20180823,MELSYD,N,39,1,11,1
139,1378,QF0478-JQ0501,22_14,MELSYD,180,387.02,sabre,20180823,MELSYD,N,39,1,11,1
140,1380,JQ0502-JQ0501,22_14,MELSYD,180,390.4,sabre,20180823,MELSYD,Y,40,1,12,1
141,1382,JQ0604-JQ0501,22_14,MELSYD,180,392.8,sabre,20180823,MELSYD,Y,41,1,13,1
142,1384,JQ0500-JQ0603,22_14,MELSYD,180,395.2,sabre,20180823,MELSYD,Y,42,1,14,1
143,1386,JQ0500-JQ0605,22_14,MELSYD,180,395.2,sabre,20180823,MELSYD,Y,42,1,14,1
144,1388,JQ0520-JQ0603,22_14,MELSYD,180,395.2,sabre,20180823,MELSYD,Y,42,1,14,1
145,1390,JQ0520-JQ0605,22_14,MELSYD,180,395.2,sabre,20180823,MELSYD,Y,42,1,14,1
146,1392,JQ0524-JQ0605,22_14,MELSYD,180,395.2,sabre,20180823,MELSYD,Y,42,1,14,1
147,1394,JQ0524-JQ0603,22_14,MELSYD,180,395.2,sabre,20180823,MELSYD,Y,42,1,14,1
148,1396,JQ0610-JQ0611,22_14,MELSYD,180,397.79,sabre,20180823,MELSYD,Y,43,1,15,1
149,1397,JQ0520-JQ0501,22_14,MELSYD,180,406.41,sabre,20180823,MELSYD,Y,44,1,16,1
150,1398,JQ0500-JQ0501,22_14,MELSYD,180,406.41,sabre,20180823,MELSYD,Y,44,1,16,1
151,1399,JQ0524-JQ0501,22_14,MELSYD,180,406.41,sabre,20180823,MELSYD,Y,44,1,16,1
152,1400,JQ0602-JQ0529,22_14,MELSYD,180,409,sabre,20180823,MELSYD,Y,45,1,17,1
153,1401,QF0418-QF0407,22_14,MELSYD,180,424.01,sabre,20180823,MELSYD,N,46,1,18,1
154,1402,QF0416-QF0403,22_14,MELSYD,180,424.01,sabre,20180823,MELSYD,N,46,1,18,1
155,1403,QF0416-QF0401,22_14,MELSYD,180,424.01,sabre,20180823,MELSYD,N,46,1,18,1
156,1404,QF0414-QF0405,22_14,MELSYD,180,424.01,sabre,20180823,MELSYD,N,46,1,18,1
157,1405,QF0414-QF0401,22_14,MELSYD,180,424.01,sabre,20180823,MELSYD,N,46,1,18,1
158,1406,QF0412-QF0409,22_14,MELSYD,180,424.01,sabre,20180823,MELSYD,N,46,1,18,1
159,1407,QF0410-QF0409,22_14,MELSYD,180,424.01,sabre,20180823,MELSYD,N,46,1,18,1
160,1408,QF0410-QF0403,22_14,MELSYD,180,424.01,sabre,20180823,MELSYD,N,46,1,18,1
161,1409,QF0408-QF0409,22_14,MELSYD,180,424.01,sabre,20180823,MELSYD,N,46,1,18,1
162,1410,QF0434-QF0423,22_14,MELSYD,180,424.01,sabre,20180823,MELSYD,N,46,1,18,1
163,1411,QF0436-QF0423,22_14,MELSYD,180,424.01,sabre,20180823,MELSYD,N,46,1,18,1
164,1412,QF0494-QF0497,22_14,MELSYD,180,424.01,sabre,20180823,MELSYD,N,46,1,18,1
165,1413,QF0422-QF0411,22_14,MELSYD,180,424.01,sabre,20180823,MELSYD,N,46,1,18,1
166,1414,QF0436-QF0425,22_14,MELSYD,180,424.01,sabre,20180823,MELSYD,N,46,1,18,1
167,1415,QF0464-QF0425,22_14,MELSYD,180,424.01,sabre,20180823,MELSYD,N,46,1,18,1
168,1416,QF0464-QF0487,22_14,MELSYD,180,424.01,sabre,20180823,MELSYD,N,46,1,18,1
169,1417,QF0470-QF0425,22_14,MELSYD,180,424.01,sabre,20180823,MELSYD,N,46,1,18,1
170,1418,QF0484-QF0425,22_14,MELSYD,180,424.01,sabre,20180823,MELSYD,N,46,1,18,1
171,1419,QF0490-QF0487,22_14,MELSYD,180,424.01,sabre,20180823,MELSYD,N,46,1,18,1
172,1420,QF0490-QF0497,22_14,MELSYD,180,424.01,sabre,20180823,MELSYD,N,46,1,18,1
173,1421,QF0420-QF0407,22_14,MELSYD,180,424.01,sabre,20180823,MELSYD,N,46,1,18,1
174,1422,QF0494-QF0425,22_14,MELSYD,180,424.01,sabre,20180823,MELSYD,N,46,1,18,1
175,1423,QF0494-QF0487,22_14,MELSYD,180,424.01,sabre,20180823,MELSYD,N,46,1,18,1
176,1424,VA0849-VA0804,22_14,MELSYD,180,425,sabre,20180823,MELSYD,N,47,1,19,1
177,1425,VA0807-VA0810,22_14,MELSYD,180,425,sabre,20180823,MELSYD,N,47,1,19,1
178,1426,VA0849-VA0898,22_14,MELSYD,180,425,sabre,20180823,MELSYD,N,47,1,19,1
179,1427,VA0849-VA0894,22_14,MELSYD,180,425,sabre,20180823,MELSYD,N,47,1,19,1
180,1428,VA0845-VA0898,22_14,MELSYD,180,425,sabre,20180823,MELSYD,N,47,1,19,1
181,1429,VA0849-VA0816,22_14,MELSYD,180,425,sabre,20180823,MELSYD,N,47,1,19,1
182,1430,VA0833-VA0816,22_14,MELSYD,180,425,sabre,20180823,MELSYD,N,47,1,19,1
183,1431,VA0841-VA0814,22_14,MELSYD,180,425,sabre,20180823,MELSYD,N,47,1,19,1
184,1432,VA0891-VA0898,22_14,MELSYD,180,425,sabre,20180823,MELSYD,N,47,1,19,1
185,1433,VA0887-VA0898,22_14,MELSYD,180,425,sabre,20180823,MELSYD,N,47,1,19,1
186,1434,VA0887-VA0894,22_14,MELSYD,180,425,sabre,20180823,MELSYD,N,47,1,19,1
187,1435,VA0887-VA0816,22_14,MELSYD,180,425,sabre,20180823,MELSYD,N,47,1,19,1
188,1436,VA0885-VA0894,22_14,MELSYD,180,425,sabre,20180823,MELSYD,N,47,1,19,1
189,1437,VA0885-VA0816,22_14,MELSYD,180,425,sabre,20180823,MELSYD,N,47,1,19,1
190,1438,VA0827-VA0810,22_14,MELSYD,180,425,sabre,20180823,MELSYD,N,47,1,19,1
191,1439,VA0827-VA0812,22_14,MELSYD,180,425,sabre,20180823,MELSYD,N,47,1,19,1
192,1440,VA0827-VA0814,22_14,MELSYD,180,425,sabre,20180823,MELSYD,N,47,1,19,1
193,1441,VA0827-VA0816,22_14,MELSYD,180,425,sabre,20180823,MELSYD,N,47,1,19,1
194,1442,VA0833-VA0810,22_14,MELSYD,180,425,sabre,20180823,MELSYD,N,47,1,19,1
195,1443,VA0833-VA0812,22_14,MELSYD,180,425,sabre,20180823,MELSYD,N,47,1,19,1
196,1444,VA0833-VA0814,22_14,MELSYD,180,425,sabre,20180823,MELSYD,N,47,1,19,1
197,1445,VA0819-VA0814,22_14,MELSYD,180,425,sabre,20180823,MELSYD,N,47,1,19,1
198,1446,VA0885-VA0898,22_14,MELSYD,180,425,sabre,20180823,MELSYD,N,47,1,19,1
199,1447,VA0833-VA0894,22_14,MELSYD,180,425,sabre,20180823,MELSYD,N,47,1,19,1
200,1448,VA0827-VA0806,22_14,MELSYD,180,425,sabre,20180823,MELSYD,N,47,1,19,1
201,1449,VA0837-VA0898,22_14,MELSYD,180,425,sabre,20180823,MELSYD,N,47,1,19,1
202,1450,VA0819-VA0808,22_14,MELSYD,180,425,sabre,20180823,MELSYD,N,47,1,19,1
203,1451,VA0819-VA0804,22_14,MELSYD,180,425,sabre,20180823,MELSYD,N,47,1,19,1
204,1452,VA0819-VA0800,22_14,MELSYD,180,425,sabre,20180823,MELSYD,N,47,1,19,1
205,1453,VA0807-VA0804,22_14,MELSYD,180,425,sabre,20180823,MELSYD,N,47,1,19,1
206,1454,VA0807-VA0806,22_14,MELSYD,180,425,sabre,20180823,MELSYD,N,47,1,19,1
207,1455,VA0807-VA0808,22_14,MELSYD,180,425,sabre,20180823,MELSYD,N,47,1,19,1
208,1456,VA0819-VA0812,22_14,MELSYD,180,425,sabre,20180823,MELSYD,N,47,1,19,1
209,1457,VA0845-VA0816,22_14,MELSYD,180,425,sabre,20180823,MELSYD,N,47,1,19,1
210,1458,VA0845-VA0814,22_14,MELSYD,180,425,sabre,20180823,MELSYD,N,47,1,19,1
211,1459,VA0845-VA0812,22_14,MELSYD,180,425,sabre,20180823,MELSYD,N,47,1,19,1
212,1460,VA0841-VA0894,22_14,MELSYD,180,425,sabre,20180823,MELSYD,N,47,1,19,1
213,1461,VA0841-VA0898,22_14,MELSYD,180,425,sabre,20180823,MELSYD,N,47,1,19,1
214,1462,VA0833-VA0898,22_14,MELSYD,180,425,sabre,20180823,MELSYD,N,47,1,19,1
215,1463,VA0837-VA0810,22_14,MELSYD,180,425,sabre,20180823,MELSYD,N,47,1,19,1
216,1464,VA0837-VA0812,22_14,MELSYD,180,425,sabre,20180823,MELSYD,N,47,1,19,1
217,1465,VA0837-VA0814,22_14,MELSYD,180,425,sabre,20180823,MELSYD,N,47,1,19,1
218,1466,VA0837-VA0816,22_14,MELSYD,180,425,sabre,20180823,MELSYD,N,47,1,19,1
219,1467,VA0837-VA0894,22_14,MELSYD,180,425,sabre,20180823,MELSYD,N,47,1,19,1
220,1468,VA0845-VA0894,22_14,MELSYD,180,425,sabre,20180823,MELSYD,N,47,1,19,1
221,1469,VA0841-VA0812,22_14,MELSYD,180,425,sabre,20180823,MELSYD,N,47,1,19,1
222,1470,VA0841-VA0816,22_14,MELSYD,180,425,sabre,20180823,MELSYD,N,47,1,19,1
223,1471,VA0869-VA0898,22_14,MELSYD,180,429.99,sabre,20180823,MELSYD,N,48,1,20,1
224,1472,VA0869-VA0894,22_14,MELSYD,180,429.99,sabre,20180823,MELSYD,N,48,1,20,1
225,1473,VA0869-VA0816,22_14,MELSYD,180,429.99,sabre,20180823,MELSYD,N,48,1,20,1
226,1474,VA0869-VA0814,22_14,MELSYD,180,429.99,sabre,20180823,MELSYD,N,48,1,20,1
227,1475,VA0869-VA0812,22_14,MELSYD,180,429.99,sabre,20180823,MELSYD,N,48,1,20,1
228,1476,VA0865-VA0898,22_14,MELSYD,180,429.99,sabre,20180823,MELSYD,N,48,1,20,1
229,1477,VA0865-VA0894,22_14,MELSYD,180,429.99,sabre,20180823,MELSYD,N,48,1,20,1
230,1478,VA0865-VA0816,22_14,MELSYD,180,429.99,sabre,20180823,MELSYD,N,48,1,20,1
231,1479,VA0863-VA0898,22_14,MELSYD,180,429.99,sabre,20180823,MELSYD,N,48,1,20,1
232,1480,VA0863-VA0894,22_14,MELSYD,180,429.99,sabre,20180823,MELSYD,N,48,1,20,1
233,1481,VA0863-VA0816,22_14,MELSYD,180,429.99,sabre,20180823,MELSYD,N,48,1,20,1
234,1482,VA0863-VA0814,22_14,MELSYD,180,429.99,sabre,20180823,MELSYD,N,48,1,20,1
235,1483,VA0883-VA0808,22_14,MELSYD,180,429.99,sabre,20180823,MELSYD,N,48,1,20,1
236,1484,VA0883-VA0806,22_14,MELSYD,180,429.99,sabre,20180823,MELSYD,N,48,1,20,1
237,1485,VA0883-VA0804,22_14,MELSYD,180,429.99,sabre,20180823,MELSYD,N,48,1,20,1
238,1486,VA0883-VA0800,22_14,MELSYD,180,429.99,sabre,20180823,MELSYD,N,48,1,20,1
239,1487,VA0879-VA0806,22_14,MELSYD,180,429.99,sabre,20180823,MELSYD,N,48,1,20,1
240,1488,VA0879-VA0804,22_14,MELSYD,180,429.99,sabre,20180823,MELSYD,N,48,1,20,1
241,1489,VA0879-VA0800,22_14,MELSYD,180,429.99,sabre,20180823,MELSYD,N,48,1,20,1
242,1490,VA0877-VA0806,22_14,MELSYD,180,429.99,sabre,20180823,MELSYD,N,48,1,20,1
243,1491,VA0877-VA0804,22_14,MELSYD,180,429.99,sabre,20180823,MELSYD,N,48,1,20,1
244,1492,VA0877-VA0800,22_14,MELSYD,180,429.99,sabre,20180823,MELSYD,N,48,1,20,1
245,1493,VA0871-VA0898,22_14,MELSYD,180,429.99,sabre,20180823,MELSYD,N,48,1,20,1
246,1494,VA0871-VA0894,22_14,MELSYD,180,429.99,sabre,20180823,MELSYD,N,48,1,20,1
247,1495,VA0871-VA0808,22_14,MELSYD,180,429.99,sabre,20180823,MELSYD,N,48,1,20,1
248,219530,JQ0602-TT0211,22_14,MELSYD,180,266.99,competitor,20180823,MELSYD,N,1,1,1,1
249,219531,JQ0608-TT0211,22_14,MELSYD,180,266.99,competitor,20180823,MELSYD,N,1,1,1,1
250,219532,JQ0602-JQ0501,22_14,MELSYD,180,273.99,competitor,20180823,MELSYD,Y,2,1,2,1
251,219533,JQ0608-JQ0501,22_14,MELSYD,180,273.99,competitor,20180823,MELSYD,Y,2,1,2,1
252,219534,JQ0602-JQ0603,22_14,MELSYD,180,279.99,competitor,20180823,MELSYD,Y,3,1,3,1
253,219535,JQ0602-JQ0605,22_14,MELSYD,180,279.99,competitor,20180823,MELSYD,Y,3,1,3,1
254,219536,JQ0608-JQ0603,22_14,MELSYD,180,279.99,competitor,20180823,MELSYD,Y,3,1,3,1
255,219537,JQ0608-JQ0605,22_14,MELSYD,180,279.99,competitor,20180823,MELSYD,Y,3,1,3,1
256,219538,JQ0602-TT0287,22_14,MELSYD,180,285.99,competitor,20180823,MELSYD,N,4,1,4,1
257,219539,JQ0608-TT0287,22_14,MELSYD,180,285.99,competitor,20180823,MELSYD,N,4,1,4,1
258,219540,JQ0606-TT0211,22_14,MELSYD,180,286.99,competitor,20180823,MELSYD,N,5,1,5,1
259,219541,JQ0610-TT0211,22_14,MELSYD,180,286.99,competitor,20180823,MELSYD,N,5,1,5,1
260,219542,TT0206-TT0211,22_14,MELSYD,185,293.99,competitor,20180823,MELSYD,N,6,2,6,2
261,219543,TT0252-TT0211,22_14,MELSYD,180,293.99,competitor,20180823,MELSYD,N,6,1,6,1
262,219544,TT0256-TT0211,22_14,MELSYD,180,293.99,competitor,20180823,MELSYD,N,6,1,6,1
263,219545,TT0264-TT0211,22_14,MELSYD,180,293.99,competitor,20180823,MELSYD,N,6,1,6,1
264,219546,TT0272-TT0211,22_14,MELSYD,180,293.99,competitor,20180823,MELSYD,N,6,1,6,1
265,219547,TT0282-TT0211,22_14,MELSYD,180,293.99,competitor,20180823,MELSYD,N,6,1,6,1
266,219548,JQ0606-JQ0501,22_14,MELSYD,180,293.99,competitor,20180823,MELSYD,Y,6,1,6,1
267,219549,JQ0610-JQ0501,22_14,MELSYD,180,293.99,competitor,20180823,MELSYD,Y,6,1,6,1
268,219550,JQ0606-JQ0603,22_14,MELSYD,180,299.99,competitor,20180823,MELSYD,Y,7,1,7,1
269,219551,JQ0606-JQ0605,22_14,MELSYD,180,299.99,competitor,20180823,MELSYD,Y,7,1,7,1
270,219552,JQ0610-JQ0603,22_14,MELSYD,180,299.99,competitor,20180823,MELSYD,Y,7,1,7,1
271,219553,JQ0610-JQ0605,22_14,MELSYD,180,299.99,competitor,20180823,MELSYD,Y,7,1,7,1
272,219554,JQ0500-TT0211,22_14,MELSYD,180,300.99,competitor,20180823,MELSYD,N,8,1,8,1
273,219555,JQ0502-TT0211,22_14,MELSYD,180,300.99,competitor,20180823,MELSYD,N,8,1,8,1
274,219556,JQ0524-TT0211,22_14,MELSYD,180,300.99,competitor,20180823,MELSYD,N,8,1,8,1
275,219557,JQ0520-TT0211,22_14,MELSYD,180,300.99,competitor,20180823,MELSYD,N,8,1,8,1
276,219558,JQ0602-JQ0611,22_14,MELSYD,180,303.99,competitor,20180823,MELSYD,Y,9,1,9,1
277,219559,JQ0608-JQ0611,22_14,MELSYD,180,303.99,competitor,20180823,MELSYD,Y,9,1,9,1
278,219560,JQ0606-TT0287,22_14,MELSYD,180,305.99,competitor,20180823,MELSYD,N,10,1,10,1
279,219561,JQ0610-TT0287,22_14,MELSYD,180,305.99,competitor,20180823,MELSYD,N,10,1,10,1
280,219562,TT0206-JQ0603,22_14,MELSYD,185,306.99,competitor,20180823,MELSYD,N,11,2,11,2
281,219563,TT0206-JQ0605,22_14,MELSYD,185,306.99,competitor,20180823,MELSYD,N,11,2,11,2
282,219564,TT0252-JQ0603,22_14,MELSYD,180,306.99,competitor,20180823,MELSYD,N,11,1,11,1
283,219565,TT0252-JQ0605,22_14,MELSYD,180,306.99,competitor,20180823,MELSYD,N,11,1,11,1
284,219566,TT0256-JQ0603,22_14,MELSYD,180,306.99,competitor,20180823,MELSYD,N,11,1,11,1
285,219567,TT0256-JQ0605,22_14,MELSYD,180,306.99,competitor,20180823,MELSYD,N,11,1,11,1
286,219568,TT0264-JQ0603,22_14,MELSYD,180,306.99,competitor,20180823,MELSYD,N,11,1,11,1
287,219569,TT0264-JQ0605,22_14,MELSYD,180,306.99,competitor,20180823,MELSYD,N,11,1,11,1
288,219570,TT0272-JQ0603,22_14,MELSYD,180,306.99,competitor,20180823,MELSYD,N,11,1,11,1
289,219571,TT0272-JQ0605,22_14,MELSYD,180,306.99,competitor,20180823,MELSYD,N,11,1,11,1
290,219572,TT0282-JQ0603,22_14,MELSYD,180,306.99,competitor,20180823,MELSYD,N,11,1,11,1
291,219573,TT0282-JQ0605,22_14,MELSYD,180,306.99,competitor,20180823,MELSYD,N,11,1,11,1
292,219574,JQ0604-TT0211,22_14,MELSYD,180,306.99,competitor,20180823,MELSYD,N,11,1,11,1
293,219575,VA0803-TT0211,22_14,MELSYD,180,306.99,competitor,20180823,MELSYD,N,11,1,11,1
294,219576,VA0811-TT0211,22_14,MELSYD,180,306.99,competitor,20180823,MELSYD,N,11,1,11,1
295,219577,VA0813-TT0211,22_14,MELSYD,180,306.99,competitor,20180823,MELSYD,N,11,1,11,1
296,219578,VA0815-TT0211,22_14,MELSYD,180,306.99,competitor,20180823,MELSYD,N,11,1,11,1
297,219579,VA0817-TT0211,22_14,MELSYD,180,306.99,competitor,20180823,MELSYD,N,11,1,11,1
298,219580,VA0823-TT0211,22_14,MELSYD,180,306.99,competitor,20180823,MELSYD,N,11,1,11,1
299,219581,VA0895-TT0211,22_14,MELSYD,180,306.99,competitor,20180823,MELSYD,N,11,1,11,1
300,219582,VA0899-TT0211,22_14,MELSYD,180,306.99,competitor,20180823,MELSYD,N,11,1,11,1
301,219583,JQ0500-JQ0501,22_14,MELSYD,180,307.99,competitor,20180823,MELSYD,Y,12,1,12,1
302,219584,JQ0502-JQ0501,22_14,MELSYD,180,307.99,competitor,20180823,MELSYD,Y,12,1,12,1
303,219585,JQ0524-JQ0501,22_14,MELSYD,180,307.99,competitor,20180823,MELSYD,Y,12,1,12,1
304,219586,JQ0520-JQ0501,22_14,MELSYD,180,307.99,competitor,20180823,MELSYD,Y,12,1,12,1
305,219587,TT0206-TT0287,22_14,MELSYD,185,312.99,competitor,20180823,MELSYD,N,13,2,13,2
306,219588,TT0252-TT0287,22_14,MELSYD,180,312.99,competitor,20180823,MELSYD,N,13,1,13,1
307,219589,TT0256-TT0287,22_14,MELSYD,180,312.99,competitor,20180823,MELSYD,N,13,1,13,1
308,219590,TT0264-TT0287,22_14,MELSYD,180,312.99,competitor,20180823,MELSYD,N,13,1,13,1
309,219591,TT0272-TT0287,22_14,MELSYD,180,312.99,competitor,20180823,MELSYD,N,13,1,13,1
310,219592,TT0282-TT0287,22_14,MELSYD,180,312.99,competitor,20180823,MELSYD,N,13,1,13,1
311,219593,TT0214-TT0211,22_14,MELSYD,185,312.99,competitor,20180823,MELSYD,N,13,2,13,2
312,219594,TT0228-TT0211,22_14,MELSYD,180,312.99,competitor,20180823,MELSYD,N,13,1,13,1
313,219595,TT0242-TT0211,22_14,MELSYD,180,312.99,competitor,20180823,MELSYD,N,13,1,13,1
314,219596,JQ0500-JQ0603,22_14,MELSYD,180,313.99,competitor,20180823,MELSYD,Y,14,1,14,1
315,219597,JQ0500-JQ0605,22_14,MELSYD,180,313.99,competitor,20180823,MELSYD,Y,14,1,14,1
316,219598,JQ0502-JQ0603,22_14,MELSYD,180,313.99,competitor,20180823,MELSYD,Y,14,1,14,1
317,219599,JQ0502-JQ0605,22_14,MELSYD,180,313.99,competitor,20180823,MELSYD,Y,14,1,14,1
318,219600,JQ0524-JQ0603,22_14,MELSYD,180,313.99,competitor,20180823,MELSYD,Y,14,1,14,1
319,219601,JQ0524-JQ0605,22_14,MELSYD,180,313.99,competitor,20180823,MELSYD,Y,14,1,14,1
320,219602,JQ0520-JQ0603,22_14,MELSYD,180,313.99,competitor,20180823,MELSYD,Y,14,1,14,1
321,219603,JQ0520-JQ0605,22_14,MELSYD,180,313.99,competitor,20180823,MELSYD,Y,14,1,14,1
322,219604,JQ0604-JQ0501,22_14,MELSYD,180,313.99,competitor,20180823,MELSYD,Y,14,1,14,1
323,219605,JQ0602-TT0229,22_14,MELSYD,180,314.99,competitor,20180823,MELSYD,N,15,1,15,1
324,219606,JQ0602-TT0247,22_14,MELSYD,180,314.99,competitor,20180823,MELSYD,N,15,1,15,1
325,219607,JQ0602-TT0251,22_14,MELSYD,180,314.99,competitor,20180823,MELSYD,N,15,1,15,1
326,219608,JQ0602-TT0253,22_14,MELSYD,180,314.99,competitor,20180823,MELSYD,N,15,1,15,1
327,219609,JQ0602-TT0263,22_14,MELSYD,180,314.99,competitor,20180823,MELSYD,N,15,1,15,1
328,219610,JQ0608-TT0229,22_14,MELSYD,180,314.99,competitor,20180823,MELSYD,N,15,1,15,1
329,219611,JQ0608-TT0247,22_14,MELSYD,180,314.99,competitor,20180823,MELSYD,N,15,1,15,1
330,219612,JQ0608-TT0251,22_14,MELSYD,180,314.99,competitor,20180823,MELSYD,N,15,1,15,1
331,219613,JQ0608-TT0253,22_14,MELSYD,180,314.99,competitor,20180823,MELSYD,N,15,1,15,1
332,219614,JQ0608-TT0263,22_14,MELSYD,180,314.99,competitor,20180823,MELSYD,N,15,1,15,1
333,219615,VA0803-JQ0603,22_14,MELSYD,180,319.99,competitor,20180823,MELSYD,N,16,1,16,1
334,219616,VA0803-JQ0605,22_14,MELSYD,180,319.99,competitor,20180823,MELSYD,N,16,1,16,1
335,219617,VA0811-JQ0603,22_14,MELSYD,180,319.99,competitor,20180823,MELSYD,N,16,1,16,1
336,219618,VA0811-JQ0605,22_14,MELSYD,180,319.99,competitor,20180823,MELSYD,N,16,1,16,1
337,219619,VA0813-JQ0603,22_14,MELSYD,180,319.99,competitor,20180823,MELSYD,N,16,1,16,1
338,219620,VA0813-JQ0605,22_14,MELSYD,180,319.99,competitor,20180823,MELSYD,N,16,1,16,1
339,219621,VA0815-JQ0603,22_14,MELSYD,180,319.99,competitor,20180823,MELSYD,N,16,1,16,1
340,219622,VA0815-JQ0605,22_14,MELSYD,180,319.99,competitor,20180823,MELSYD,N,16,1,16,1
341,219623,VA0817-JQ0603,22_14,MELSYD,180,319.99,competitor,20180823,MELSYD,N,16,1,16,1
342,219624,VA0817-JQ0605,22_14,MELSYD,180,319.99,competitor,20180823,MELSYD,N,16,1,16,1
343,219625,VA0823-JQ0603,22_14,MELSYD,180,319.99,competitor,20180823,MELSYD,N,16,1,16,1
344,219626,VA0823-JQ0605,22_14,MELSYD,180,319.99,competitor,20180823,MELSYD,N,16,1,16,1
345,219627,VA0895-JQ0603,22_14,MELSYD,180,319.99,competitor,20180823,MELSYD,N,16,1,16,1
346,219628,VA0895-JQ0605,22_14,MELSYD,180,319.99,competitor,20180823,MELSYD,N,16,1,16,1
347,219629,VA0899-JQ0603,22_14,MELSYD,180,319.99,competitor,20180823,MELSYD,N,16,1,16,1
348,219630,VA0899-JQ0605,22_14,MELSYD,180,319.99,competitor,20180823,MELSYD,N,16,1,16,1
349,219631,JQ0604-JQ0603,22_14,MELSYD,180,319.99,competitor,20180823,MELSYD,Y,16,1,16,1
350,219632,JQ0604-JQ0605,22_14,MELSYD,180,319.99,competitor,20180823,MELSYD,Y,16,1,16,1
351,219633,JQ0500-TT0287,22_14,MELSYD,180,319.99,competitor,20180823,MELSYD,N,16,1,16,1
352,219634,JQ0502-TT0287,22_14,MELSYD,180,319.99,competitor,20180823,MELSYD,N,16,1,16,1
353,219635,JQ0524-TT0287,22_14,MELSYD,180,319.99,competitor,20180823,MELSYD,N,16,1,16,1
354,219636,JQ0520-TT0287,22_14,MELSYD,180,319.99,competitor,20180823,MELSYD,N,16,1,16,1
355,219637,TT0206-JQ0501,22_14,MELSYD,185,322.99,competitor,20180823,MELSYD,N,17,2,17,2
356,219638,TT0252-JQ0501,22_14,MELSYD,180,322.99,competitor,20180823,MELSYD,N,17,1,17,1
357,219639,TT0256-JQ0501,22_14,MELSYD,180,322.99,competitor,20180823,MELSYD,N,17,1,17,1
358,219640,TT0264-JQ0501,22_14,MELSYD,180,322.99,competitor,20180823,MELSYD,N,17,1,17,1
359,219641,TT0272-JQ0501,22_14,MELSYD,180,322.99,competitor,20180823,MELSYD,N,17,1,17,1
360,219642,TT0282-JQ0501,22_14,MELSYD,180,322.99,competitor,20180823,MELSYD,N,17,1,17,1
361,219643,JQ0506-TT0211,22_14,MELSYD,180,322.99,competitor,20180823,MELSYD,N,17,1,17,1
362,219644,JQ0508-TT0211,22_14,MELSYD,180,322.99,competitor,20180823,MELSYD,N,17,1,17,1
363,219645,JQ0514-TT0211,22_14,MELSYD,180,322.99,competitor,20180823,MELSYD,N,17,1,17,1
364,219646,JQ0518-TT0211,22_14,MELSYD,180,322.99,competitor,20180823,MELSYD,N,17,1,17,1
365,219647,JQ0522-TT0211,22_14,MELSYD,180,322.99,competitor,20180823,MELSYD,N,17,1,17,1
366,219648,JQ0526-TT0211,22_14,MELSYD,180,322.99,competitor,20180823,MELSYD,N,17,1,17,1
367,219649,JQ0530-TT0211,22_14,MELSYD,180,322.99,competitor,20180823,MELSYD,N,17,1,17,1
368,219650,JQ0602-JQ0519,22_14,MELSYD,180,323.99,competitor,20180823,MELSYD,N,18,1,18,1
369,219651,JQ0602-JQ0517,22_14,MELSYD,180,323.99,competitor,20180823,MELSYD,N,18,1,18,1
370,219652,JQ0602-JQ0527,22_14,MELSYD,180,323.99,competitor,20180823,MELSYD,N,18,1,18,1
371,219653,JQ0602-JQ0529,22_14,MELSYD,180,323.99,competitor,20180823,MELSYD,Y,18,1,18,1
372,219654,JQ0608-JQ0519,22_14,MELSYD,180,323.99,competitor,20180823,MELSYD,N,18,1,18,1
373,219655,JQ0608-JQ0517,22_14,MELSYD,180,323.99,competitor,20180823,MELSYD,N,18,1,18,1
374,219656,JQ0608-JQ0527,22_14,MELSYD,180,323.99,competitor,20180823,MELSYD,N,18,1,18,1
375,219657,JQ0608-JQ0529,22_14,MELSYD,180,323.99,competitor,20180823,MELSYD,N,18,1,18,1
376,219658,JQ0606-JQ0611,22_14,MELSYD,180,323.99,competitor,20180823,MELSYD,Y,18,1,18,1
377,219659,JQ0610-JQ0611,22_14,MELSYD,180,323.99,competitor,20180823,MELSYD,Y,18,1,18,1
378,219660,TT0214-JQ0603,22_14,MELSYD,185,325.99,competitor,20180823,MELSYD,N,19,2,19,2
379,219661,TT0214-JQ0605,22_14,MELSYD,185,325.99,competitor,20180823,MELSYD,N,19,2,19,2
380,219662,TT0228-JQ0603,22_14,MELSYD,180,325.99,competitor,20180823,MELSYD,N,19,1,19,1
381,219663,TT0228-JQ0605,22_14,MELSYD,180,325.99,competitor,20180823,MELSYD,N,19,1,19,1
382,219664,TT0242-JQ0603,22_14,MELSYD,180,325.99,competitor,20180823,MELSYD,N,19,1,19,1
383,219665,TT0242-JQ0605,22_14,MELSYD,180,325.99,competitor,20180823,MELSYD,N,19,1,19,1
384,219666,JQ0604-TT0287,22_14,MELSYD,180,325.99,competitor,20180823,MELSYD,N,19,1,19,1
385,219667,VA0803-TT0287,22_14,MELSYD,180,325.99,competitor,20180823,MELSYD,N,19,1,19,1
386,219668,VA0811-TT0287,22_14,MELSYD,180,325.99,competitor,20180823,MELSYD,N,19,1,19,1
387,219669,VA0813-TT0287,22_14,MELSYD,180,325.99,competitor,20180823,MELSYD,N,19,1,19,1
388,219670,VA0815-TT0287,22_14,MELSYD,180,325.99,competitor,20180823,MELSYD,N,19,1,19,1
389,219671,VA0817-TT0287,22_14,MELSYD,180,325.99,competitor,20180823,MELSYD,N,19,1,19,1
390,219672,VA0823-TT0287,22_14,MELSYD,180,325.99,competitor,20180823,MELSYD,N,19,1,19,1
391,219673,VA0895-TT0287,22_14,MELSYD,180,325.99,competitor,20180823,MELSYD,N,19,1,19,1
392,219674,VA0899-TT0287,22_14,MELSYD,180,325.99,competitor,20180823,MELSYD,N,19,1,19,1
393,219675,QF0408-TT0211,22_14,MELSYD,180,326.99,competitor,20180823,MELSYD,N,20,1,20,1
394,219676,QF0410-TT0211,22_14,MELSYD,180,326.99,competitor,20180823,MELSYD,N,20,1,20,1
395,219677,QF0412-TT0211,22_14,MELSYD,180,326.99,competitor,20180823,MELSYD,N,20,1,20,1
396,219678,QF0402-TT0211,22_14,MELSYD,180,326.99,competitor,20180823,MELSYD,N,20,1,20,1
397,219679,QF0414-TT0211,22_14,MELSYD,180,326.99,competitor,20180823,MELSYD,N,20,1,20,1
398,219680,QF0416-TT0211,22_14,MELSYD,180,326.99,competitor,20180823,MELSYD,N,20,1,20,1
399,219681,QF0488-TT0211,22_14,MELSYD,180,326.99,competitor,20180823,MELSYD,N,20,1,20,1
400,219682,QF0418-TT0211,22_14,MELSYD,180,326.99,competitor,20180823,MELSYD,N,20,1,20,1
401,219683,QF0420-TT0211,22_14,MELSYD,180,326.99,competitor,20180823,MELSYD,N,20,1,20,1
402,219684,QF0422-TT0211,22_14,MELSYD,180,326.99,competitor,20180823,MELSYD,N,20,1,20,1
403,219685,QF0484-TT0211,22_14,MELSYD,180,326.99,competitor,20180823,MELSYD,N,20,1,20,1
404,219686,QF0464-TT0211,22_14,MELSYD,180,326.99,competitor,20180823,MELSYD,N,20,1,20,1
405,219687,QF0490-TT0211,22_14,MELSYD,180,326.99,competitor,20180823,MELSYD,N,20,1,20,1
406,219688,QF0494-TT0211,22_14,MELSYD,180,326.99,competitor,20180823,MELSYD,N,20,1,20,1
407,219689,QF0434-TT0211,22_14,MELSYD,180,326.99,competitor,20180823,MELSYD,N,20,1,20,1
408,219690,QF0436-TT0211,22_14,MELSYD,180,326.99,competitor,20180823,MELSYD,N,20,1,20,1
409,219691,QF0470-TT0211,22_14,MELSYD,180,326.99,competitor,20180823,MELSYD,N,20,1,20,1
410,219692,JQ0506-JQ0501,22_14,MELSYD,180,329.99,competitor,20180823,MELSYD,N,21,1,21,1
411,219693,JQ0508-JQ0501,22_14,MELSYD,180,329.99,competitor,20180823,MELSYD,N,21,1,21,1
412,219694,JQ0514-JQ0501,22_14,MELSYD,180,329.99,competitor,20180823,MELSYD,N,21,1,21,1
413,219695,JQ0518-JQ0501,22_14,MELSYD,180,329.99,competitor,20180823,MELSYD,N,21,1,21,1
414,219696,JQ0522-JQ0501,22_14,MELSYD,180,329.99,competitor,20180823,MELSYD,N,21,1,21,1
415,219697,JQ0526-JQ0501,22_14,MELSYD,180,329.99,competitor,20180823,MELSYD,N,21,1,21,1
416,219698,JQ0530-JQ0501,22_14,MELSYD,180,329.99,competitor,20180823,MELSYD,N,21,1,21,1
417,219699,TT0206-JQ0611,22_14,MELSYD,185,330.99,competitor,20180823,MELSYD,N,22,2,22,2
418,219700,TT0252-JQ0611,22_14,MELSYD,180,330.99,competitor,20180823,MELSYD,N,22,1,22,1
419,219701,TT0256-JQ0611,22_14,MELSYD,180,330.99,competitor,20180823,MELSYD,N,22,1,22,1
420,219702,TT0264-JQ0611,22_14,MELSYD,180,330.99,competitor,20180823,MELSYD,N,22,1,22,1
421,219703,TT0272-JQ0611,22_14,MELSYD,180,330.99,competitor,20180823,MELSYD,N,22,1,22,1
422,219704,TT0282-JQ0611,22_14,MELSYD,180,330.99,competitor,20180823,MELSYD,N,22,1,22,1
423,219705,TT0214-TT0287,22_14,MELSYD,185,331.99,competitor,20180823,MELSYD,N,23,2,23,2
424,219706,TT0228-TT0287,22_14,MELSYD,180,331.99,competitor,20180823,MELSYD,N,23,1,23,1
425,219707,TT0242-TT0287,22_14,MELSYD,180,331.99,competitor,20180823,MELSYD,N,23,1,23,1
426,219708,QF0478-TT0211,22_14,MELSYD,180,331.99,competitor,20180823,MELSYD,N,23,1,23,1
427,219709,QF0462-TT0211,22_14,MELSYD,180,331.99,competitor,20180823,MELSYD,N,23,1,23,1
428,219710,JQ0602-JQ0607,22_14,MELSYD,180,333.99,competitor,20180823,MELSYD,N,24,1,24,1
429,219711,JQ0602-JQ0609,22_14,MELSYD,180,333.99,competitor,20180823,MELSYD,N,24,1,24,1
430,219712,JQ0608-JQ0607,22_14,MELSYD,180,333.99,competitor,20180823,MELSYD,N,24,1,24,1
431,219713,JQ0608-JQ0609,22_14,MELSYD,180,333.99,competitor,20180823,MELSYD,N,24,1,24,1
432,219714,JQ0602-VA0800,22_14,MELSYD,180,334.99,competitor,20180823,MELSYD,N,25,1,25,1
433,219715,JQ0602-VA0804,22_14,MELSYD,180,334.99,competitor,20180823,MELSYD,N,25,1,25,1
434,219716,JQ0602-VA0806,22_14,MELSYD,180,334.99,competitor,20180823,MELSYD,N,25,1,25,1
435,219717,JQ0602-VA0808,22_14,MELSYD,180,334.99,competitor,20180823,MELSYD,N,25,1,25,1
436,219718,JQ0602-VA0810,22_14,MELSYD,180,334.99,competitor,20180823,MELSYD,N,25,1,25,1
437,219719,JQ0602-VA0812,22_14,MELSYD,180,334.99,competitor,20180823,MELSYD,N,25,1,25,1
438,219720,JQ0602-VA0814,22_14,MELSYD,180,334.99,competitor,20180823,MELSYD,N,25,1,25,1
439,219721,JQ0602-VA0816,22_14,MELSYD,180,334.99,competitor,20180823,MELSYD,N,25,1,25,1
440,219722,JQ0602-VA0894,22_14,MELSYD,180,334.99,competitor,20180823,MELSYD,N,25,1,25,1
441,219723,JQ0602-VA0898,22_14,MELSYD,180,334.99,competitor,20180823,MELSYD,N,25,1,25,1
442,219724,JQ0608-VA0800,22_14,MELSYD,180,334.99,competitor,20180823,MELSYD,N,25,1,25,1
443,219725,JQ0608-VA0804,22_14,MELSYD,180,334.99,competitor,20180823,MELSYD,N,25,1,25,1
444,219726,JQ0608-VA0806,22_14,MELSYD,180,334.99,competitor,20180823,MELSYD,N,25,1,25,1
445,219727,JQ0608-VA0808,22_14,MELSYD,180,334.99,competitor,20180823,MELSYD,N,25,1,25,1
446,219728,JQ0608-VA0810,22_14,MELSYD,180,334.99,competitor,20180823,MELSYD,N,25,1,25,1
447,219729,JQ0608-VA0812,22_14,MELSYD,180,334.99,competitor,20180823,MELSYD,N,25,1,25,1
448,219730,JQ0608-VA0814,22_14,MELSYD,180,334.99,competitor,20180823,MELSYD,N,25,1,25,1
449,219731,JQ0608-VA0816,22_14,MELSYD,180,334.99,competitor,20180823,MELSYD,N,25,1,25,1
450,219732,JQ0608-VA0894,22_14,MELSYD,180,334.99,competitor,20180823,MELSYD,N,25,1,25,1
451,219733,JQ0608-VA0898,22_14,MELSYD,180,334.99,competitor,20180823,MELSYD,N,25,1,25,1
452,219734,JQ0606-TT0229,22_14,MELSYD,180,334.99,competitor,20180823,MELSYD,N,25,1,25,1
453,219735,JQ0606-TT0247,22_14,MELSYD,180,334.99,competitor,20180823,MELSYD,N,25,1,25,1
454,219736,JQ0606-TT0251,22_14,MELSYD,180,334.99,competitor,20180823,MELSYD,N,25,1,25,1
455,219737,JQ0606-TT0253,22_14,MELSYD,180,334.99,competitor,20180823,MELSYD,N,25,1,25,1
456,219738,JQ0606-TT0263,22_14,MELSYD,180,334.99,competitor,20180823,MELSYD,N,25,1,25,1
457,219739,JQ0610-TT0229,22_14,MELSYD,180,334.99,competitor,20180823,MELSYD,N,25,1,25,1
458,219740,JQ0610-TT0247,22_14,MELSYD,180,334.99,competitor,20180823,MELSYD,N,25,1,25,1
459,219741,JQ0610-TT0251,22_14,MELSYD,180,334.99,competitor,20180823,MELSYD,N,25,1,25,1
460,219742,JQ0610-TT0253,22_14,MELSYD,180,334.99,competitor,20180823,MELSYD,N,25,1,25,1
461,219743,JQ0610-TT0263,22_14,MELSYD,180,334.99,competitor,20180823,MELSYD,N,25,1,25,1
462,219744,VA0803-JQ0501,22_14,MELSYD,180,335.99,competitor,20180823,MELSYD,N,26,1,26,1
463,219745,VA0811-JQ0501,22_14,MELSYD,180,335.99,competitor,20180823,MELSYD,N,26,1,26,1
464,219746,VA0813-JQ0501,22_14,MELSYD,180,335.99,competitor,20180823,MELSYD,N,26,1,26,1
465,219747,VA0815-JQ0501,22_14,MELSYD,180,335.99,competitor,20180823,MELSYD,N,26,1,26,1
466,219748,VA0817-JQ0501,22_14,MELSYD,180,335.99,competitor,20180823,MELSYD,N,26,1,26,1
467,219749,VA0823-JQ0501,22_14,MELSYD,180,335.99,competitor,20180823,MELSYD,N,26,1,26,1
468,219750,VA0895-JQ0501,22_14,MELSYD,180,335.99,competitor,20180823,MELSYD,N,26,1,26,1
469,219751,VA0899-JQ0501,22_14,MELSYD,180,335.99,competitor,20180823,MELSYD,N,26,1,26,1
470,219752,JQ0506-JQ0603,22_14,MELSYD,180,335.99,competitor,20180823,MELSYD,N,26,1,26,1
471,219753,JQ0506-JQ0605,22_14,MELSYD,180,335.99,competitor,20180823,MELSYD,N,26,1,26,1
472,219754,JQ0508-JQ0603,22_14,MELSYD,180,335.99,competitor,20180823,MELSYD,N,26,1,26,1
473,219755,JQ0508-JQ0605,22_14,MELSYD,180,335.99,competitor,20180823,MELSYD,N,26,1,26,1
474,219756,JQ0514-JQ0603,22_14,MELSYD,180,335.99,competitor,20180823,MELSYD,N,26,1,26,1
475,219757,JQ0514-JQ0605,22_14,MELSYD,180,335.99,competitor,20180823,MELSYD,N,26,1,26,1
476,219758,JQ0518-JQ0603,22_14,MELSYD,180,335.99,competitor,20180823,MELSYD,N,26,1,26,1
477,219759,JQ0518-JQ0605,22_14,MELSYD,180,335.99,competitor,20180823,MELSYD,N,26,1,26,1
478,219760,JQ0522-JQ0603,22_14,MELSYD,180,335.99,competitor,20180823,MELSYD,N,26,1,26,1
479,219761,JQ0522-JQ0605,22_14,MELSYD,180,335.99,competitor,20180823,MELSYD,N,26,1,26,1
480,219762,JQ0526-JQ0603,22_14,MELSYD,180,335.99,competitor,20180823,MELSYD,N,26,1,26,1
481,219763,JQ0526-JQ0605,22_14,MELSYD,180,335.99,competitor,20180823,MELSYD,N,26,1,26,1
482,219764,JQ0530-JQ0603,22_14,MELSYD,180,335.99,competitor,20180823,MELSYD,N,26,1,26,1
483,219765,JQ0530-JQ0605,22_14,MELSYD,180,335.99,competitor,20180823,MELSYD,N,26,1,26,1
484,219766,JQ0500-JQ0611,22_14,MELSYD,180,337.99,competitor,20180823,MELSYD,N,27,1,27,1
485,219767,JQ0502-JQ0611,22_14,MELSYD,180,337.99,competitor,20180823,MELSYD,N,27,1,27,1
486,219768,JQ0524-JQ0611,22_14,MELSYD,180,337.99,competitor,20180823,MELSYD,N,27,1,27,1
487,219769,JQ0520-JQ0611,22_14,MELSYD,180,337.99,competitor,20180823,MELSYD,N,27,1,27,1
488,219770,QF0408-JQ0603,22_14,MELSYD,180,339.99,competitor,20180823,MELSYD,Y,28,1,28,1
489,219771,QF0408-JQ0605,22_14,MELSYD,180,339.99,competitor,20180823,MELSYD,Y,28,1,28,1
490,219772,QF0410-JQ0603,22_14,MELSYD,180,339.99,competitor,20180823,MELSYD,Y,28,1,28,1
491,219773,QF0410-JQ0605,22_14,MELSYD,180,339.99,competitor,20180823,MELSYD,Y,28,1,28,1
492,219774,QF0412-JQ0603,22_14,MELSYD,180,339.99,competitor,20180823,MELSYD,Y,28,1,28,1
493,219775,QF0412-JQ0605,22_14,MELSYD,180,339.99,competitor,20180823,MELSYD,Y,28,1,28,1
494,219776,QF0402-JQ0603,22_14,MELSYD,180,339.99,competitor,20180823,MELSYD,Y,28,1,28,1
495,219777,QF0402-JQ0605,22_14,MELSYD,180,339.99,competitor,20180823,MELSYD,Y,28,1,28,1
