id,Unnamed: 0,itinerary,ap_los,market,travel_time,fare,provider,search_date,ond,is_duplicate,price_rank_abs,time_rank_abs,price_rank,time_rank
0,67317,VA0204-VA0259-VA0581,3_2,ADLCBR,290,487.67,sabre,20180823,ADLCBR,TRUE,1,2,1,2
1,67318,VA0204-VA0271-VA0581,3_2,ADLCBR,575,487.67,sabre,20180823,ADLCBR,TRUE,1,47,1,42
2,67319,VA0204-VA0271-VA0641-VA0422,3_2,ADLCBR,765,503.98,sabre,20180823,ADLCBR,TRUE,3,83,2,74
3,67320,VA0204-VA0259-VA0645-VA0444,3_2,ADLCBR,770,503.98,sabre,20180823,ADLCBR,TRUE,3,84,2,75
4,67321,VA0204-VA0271-VA0641-VA0436,3_2,ADLCBR,1085,503.98,sabre,20180823,ADLCBR,TRUE,3,134,2,107
5,67322,VA0204-VA0271-VA0641-VA0428,3_2,ADLCBR,960,503.98,sabre,20180823,ADLCBR,TRUE,3,117,2,98
6,67323,VA0204-VA0259-VA0645-VA0436,3_2,ADLCBR,650,503.98,sabre,20180823,ADLCBR,TRUE,3,61,2,55
7,67324,VA0204-VA0271-VA0625-VA0412,3_2,ADLCBR,755,503.98,sabre,20180823,ADLCBR,TRUE,3,81,2,72
8,67325,VA0204-VA0259-VA0651-VA0428,3_2,ADLCBR,405,503.98,sabre,20180823,ADLCBR,TRUE,3,15,2,14
9,67326,VA0204-VA0259-VA0651-VA0444,3_2,ADLCBR,650,503.98,sabre,20180823,ADLCBR,TRUE,3,61,2,55
10,67327,VA0204-VA0259-VA0657-VA0436,3_2,ADLCBR,440,503.98,sabre,20180823,ADLCBR,TRUE,3,21,2,18
11,67328,VA0204-VA0259-VA0657-VA0444,3_2,ADLCBR,560,503.98,sabre,20180823,ADLCBR,TRUE,3,44,2,39
12,67329,VA0204-VA0271-VA0645-VA0428,3_2,ADLCBR,810,503.98,sabre,20180823,ADLCBR,TRUE,3,91,2,81
13,67330,VA0204-VA0271-VA0641-VA0444,3_2,ADLCBR,1205,503.98,sabre,20180823,ADLCBR,TRUE,3,143,2,110
14,67331,VA0204-VA0271-VA0657-VA0436,3_2,ADLCBR,725,503.98,sabre,20180823,ADLCBR,TRUE,3,75,2,67
15,67332,VA0204-VA0271-VA0657-VA0444,3_2,ADLCBR,845,503.98,sabre,20180823,ADLCBR,TRUE,3,96,2,85
16,67333,VA0204-VA0259-VA0645-VA0428,3_2,ADLCBR,525,503.98,sabre,20180823,ADLCBR,TRUE,3,37,2,33
17,67334,VA0204-VA0259-VA0641-VA0444,3_2,ADLCBR,920,503.98,sabre,20180823,ADLCBR,TRUE,3,110,2,95
18,67335,VA0204-VA0259-VA0641-VA0436,3_2,ADLCBR,800,503.98,sabre,20180823,ADLCBR,TRUE,3,89,2,80
19,67336,VA0204-VA0271-VA0645-VA0444,3_2,ADLCBR,1055,503.98,sabre,20180823,ADLCBR,TRUE,3,131,2,104
20,67337,VA0204-VA0259-VA0641-VA0428,3_2,ADLCBR,675,503.98,sabre,20180823,ADLCBR,TRUE,3,65,2,58
21,67338,VA0204-VA0259-VA0641-VA0422,3_2,ADLCBR,480,503.98,sabre,20180823,ADLCBR,TRUE,3,28,2,24
22,67339,VA0204-VA0259-VA0625-VA0412,3_2,ADLCBR,470,503.98,sabre,20180823,ADLCBR,TRUE,3,26,2,22
23,67340,VA0204-VA0271-VA0651-VA0428,3_2,ADLCBR,690,503.98,sabre,20180823,ADLCBR,TRUE,3,68,2,61
24,67341,VA0204-VA0271-VA0645-VA0436,3_2,ADLCBR,935,503.98,sabre,20180823,ADLCBR,TRUE,3,112,2,96
25,67342,VA0204-VA0271-VA0651-VA0444,3_2,ADLCBR,935,503.98,sabre,20180823,ADLCBR,TRUE,3,112,2,96
26,67343,VA0204-VA0259-VA0256-VA0239,3_2,ADLCBR,795,505.34,sabre,20180823,ADLCBR,TRUE,5,88,3,79
27,67344,VA0204-VA0259-VA0252-VA0219,3_2,ADLCBR,490,505.34,sabre,20180823,ADLCBR,TRUE,5,30,3,26
28,67345,VA0204-VA0271-VA0252-VA0239,3_2,ADLCBR,1225,505.34,sabre,20180823,ADLCBR,TRUE,5,144,3,111
29,67346,VA0204-VA0271-VA0252-VA0233,3_2,ADLCBR,1165,505.34,sabre,20180823,ADLCBR,TRUE,5,140,3,108
30,67347,VA0204-VA0271-VA0252-VA0229,3_2,ADLCBR,1045,505.34,sabre,20180823,ADLCBR,TRUE,5,130,3,103
31,67348,VA0204-VA0271-VA0252-VA0243,3_2,ADLCBR,1315,505.34,sabre,20180823,ADLCBR,TRUE,5,151,3,112
32,67349,VA0204-VA0271-VA0252-VA0223,3_2,ADLCBR,895,505.34,sabre,20180823,ADLCBR,TRUE,5,105,3,91
33,67350,VA0204-VA0271-VA0252-VA0219,3_2,ADLCBR,775,505.34,sabre,20180823,ADLCBR,TRUE,5,85,3,76
34,67351,VA0204-VA0271-VA0252-VA0213,3_2,ADLCBR,655,505.34,sabre,20180823,ADLCBR,TRUE,5,62,3,56
35,67352,VA0204-VA0259-VA0274-VA0239,3_2,ADLCBR,420,505.34,sabre,20180823,ADLCBR,TRUE,5,18,3,16
36,67353,VA0204-VA0259-VA0262-VA0229,3_2,ADLCBR,505,505.34,sabre,20180823,ADLCBR,TRUE,5,33,3,29
37,67354,VA0204-VA0259-VA0262-VA0233,3_2,ADLCBR,625,505.34,sabre,20180823,ADLCBR,TRUE,5,57,3,51
38,67355,VA0204-VA0259-VA0262-VA0239,3_2,ADLCBR,685,505.34,sabre,20180823,ADLCBR,TRUE,5,67,3,60
39,67356,VA0204-VA0259-VA0262-VA0243,3_2,ADLCBR,775,505.34,sabre,20180823,ADLCBR,TRUE,5,85,3,76
40,67357,VA0204-VA0259-VA0274-VA0243,3_2,ADLCBR,510,505.34,sabre,20180823,ADLCBR,TRUE,5,34,3,30
41,67358,VA0204-VA0271-VA0256-VA0229,3_2,ADLCBR,900,505.34,sabre,20180823,ADLCBR,TRUE,5,106,3,92
42,67359,VA0204-VA0259-VA0252-VA0213,3_2,ADLCBR,370,505.34,sabre,20180823,ADLCBR,TRUE,5,9,3,9
43,67360,VA0204-VA0259-VA0256-VA0243,3_2,ADLCBR,885,505.34,sabre,20180823,ADLCBR,TRUE,5,103,3,90
44,67361,VA0204-VA0271-VA0256-VA0239,3_2,ADLCBR,1080,505.34,sabre,20180823,ADLCBR,TRUE,5,133,3,106
45,67362,VA0204-VA0271-VA0256-VA0243,3_2,ADLCBR,1170,505.34,sabre,20180823,ADLCBR,TRUE,5,141,3,109
46,67363,VA0204-VA0271-VA0274-VA0243,3_2,ADLCBR,795,505.34,sabre,20180823,ADLCBR,TRUE,5,88,3,79
47,67364,VA0204-VA0259-VA0252-VA0229,3_2,ADLCBR,760,505.34,sabre,20180823,ADLCBR,TRUE,5,82,3,73
48,67365,VA0204-VA0259-VA0252-VA0233,3_2,ADLCBR,880,505.34,sabre,20180823,ADLCBR,TRUE,5,102,3,89
49,67366,VA0204-VA0259-VA0252-VA0239,3_2,ADLCBR,940,505.34,sabre,20180823,ADLCBR,TRUE,5,113,3,97
50,67367,VA0204-VA0259-VA0252-VA0243,3_2,ADLCBR,1030,505.34,sabre,20180823,ADLCBR,TRUE,5,127,3,101
51,67368,VA0204-VA0259-VA0256-VA0223,3_2,ADLCBR,465,505.34,sabre,20180823,ADLCBR,TRUE,5,25,3,21
52,67369,VA0204-VA0259-VA0256-VA0229,3_2,ADLCBR,615,505.34,sabre,20180823,ADLCBR,TRUE,5,55,3,50
53,67370,VA0204-VA0259-VA0252-VA0223,3_2,ADLCBR,610,505.34,sabre,20180823,ADLCBR,TRUE,5,54,3,49
54,67371,VA0204-VA0259-VA0256-VA0233,3_2,ADLCBR,735,505.34,sabre,20180823,ADLCBR,TRUE,5,77,3,69
55,67372,VA0204-VA0271-VA0274-VA0239,3_2,ADLCBR,705,505.34,sabre,20180823,ADLCBR,TRUE,5,71,3,64
56,67373,VA0204-VA0271-VA0262-VA0243,3_2,ADLCBR,1060,505.34,sabre,20180823,ADLCBR,TRUE,5,132,3,105
57,67374,VA0204-VA0271-VA0262-VA0239,3_2,ADLCBR,970,505.34,sabre,20180823,ADLCBR,TRUE,5,119,3,99
58,67375,VA0204-VA0271-VA0262-VA0233,3_2,ADLCBR,910,505.34,sabre,20180823,ADLCBR,TRUE,5,108,3,93
59,67376,VA0204-VA0271-VA0256-VA0223,3_2,ADLCBR,750,505.34,sabre,20180823,ADLCBR,TRUE,5,80,3,71
60,67377,VA0204-VA0271-VA0262-VA0229,3_2,ADLCBR,790,505.34,sabre,20180823,ADLCBR,TRUE,5,87,3,78
61,67378,VA0204-VA0271-VA0256-VA0233,3_2,ADLCBR,1020,505.34,sabre,20180823,ADLCBR,TRUE,5,126,3,100
62,67379,QF0676-QF2130-QF0713,3_2,ADLCBR,360,528.7,sabre,20180823,ADLCBR,FALSE,13,7,4,7
63,67380,QF0678-QF2130-QF0713,3_2,ADLCBR,295,528.7,sabre,20180823,ADLCBR,FALSE,13,3,4,3
64,67381,QF0674-QF2130-QF0713,3_2,ADLCBR,505,528.7,sabre,20180823,ADLCBR,FALSE,13,33,4,29
65,67382,VA0204-VA0271-VA0633-VA0444,3_2,ADLCBR,1325,533.97,sabre,20180823,ADLCBR,FALSE,14,152,5,113
66,67383,VA0204-VA0271-VA0625-VA0444,3_2,ADLCBR,1450,533.97,sabre,20180823,ADLCBR,FALSE,14,157,5,114
67,67384,VA0204-VA0259-VA0651-VA0436,3_2,ADLCBR,530,533.97,sabre,20180823,ADLCBR,TRUE,14,38,5,34
68,67385,VA0204-VA0259-VA0633-VA0444,3_2,ADLCBR,1040,533.97,sabre,20180823,ADLCBR,FALSE,14,129,5,102
69,67386,VA0204-VA0259-VA0625-VA0444,3_2,ADLCBR,1165,533.97,sabre,20180823,ADLCBR,FALSE,14,140,5,108
70,67387,VA0204-VA0271-VA0651-VA0436,3_2,ADLCBR,815,533.97,sabre,20180823,ADLCBR,TRUE,14,92,5,82
71,67388,QF0730-QF1475-QF0713,3_2,ADLCBR,595,538.03,sabre,20180823,ADLCBR,FALSE,15,51,6,46
72,67389,QF0740-QF1475-QF0713,3_2,ADLCBR,480,538.03,sabre,20180823,ADLCBR,FALSE,15,28,6,24
73,67390,QF0738-QF1475-QF0713,3_2,ADLCBR,400,538.03,sabre,20180823,ADLCBR,FALSE,15,14,6,13
74,67391,QF0676-QF2130-QF0811-QF0683,3_2,ADLCBR,445,545.71,sabre,20180823,ADLCBR,FALSE,16,22,7,19
75,67392,QF0674-QF2130-QF0855-QF0693,3_2,ADLCBR,735,545.71,sabre,20180823,ADLCBR,FALSE,16,77,7,69
76,67393,QF0674-QF2130-QF0855-QF0691,3_2,ADLCBR,675,545.71,sabre,20180823,ADLCBR,FALSE,16,65,7,58
77,67394,QF0674-QF2130-QF0853-QF0691,3_2,ADLCBR,755,545.71,sabre,20180823,ADLCBR,FALSE,16,81,7,72
78,67395,QF0674-QF2130-QF0811-QF0683,3_2,ADLCBR,590,545.71,sabre,20180823,ADLCBR,FALSE,16,50,7,45
79,67396,QF0674-QF2130-QF0809-QF0683,3_2,ADLCBR,650,545.71,sabre,20180823,ADLCBR,FALSE,16,61,7,55
80,67397,QF0674-QF2130-QF2131-QF0691,3_2,ADLCBR,785,545.71,sabre,20180823,ADLCBR,FALSE,16,86,7,77
81,67398,QF0678-QF2130-QF0855-QF0691,3_2,ADLCBR,465,545.71,sabre,20180823,ADLCBR,FALSE,16,25,7,21
82,67399,QF0676-QF2130-QF0809-QF0683,3_2,ADLCBR,505,545.71,sabre,20180823,ADLCBR,FALSE,16,33,7,29
83,67400,QF0676-QF2130-QF0853-QF0691,3_2,ADLCBR,610,545.71,sabre,20180823,ADLCBR,FALSE,16,54,7,49
84,67401,QF0676-QF2130-QF2131-QF0691,3_2,ADLCBR,640,545.71,sabre,20180823,ADLCBR,FALSE,16,60,7,54
85,67402,QF0678-QF2130-QF0855-QF0693,3_2,ADLCBR,525,545.71,sabre,20180823,ADLCBR,FALSE,16,37,7,33
86,67403,QF0678-QF2130-QF0853-QF0691,3_2,ADLCBR,545,545.71,sabre,20180823,ADLCBR,FALSE,16,41,7,36
87,67404,QF0678-QF2130-QF0811-QF0683,3_2,ADLCBR,380,545.71,sabre,20180823,ADLCBR,FALSE,16,11,7,10
88,67405,QF0678-QF2130-QF0809-QF0683,3_2,ADLCBR,440,545.71,sabre,20180823,ADLCBR,FALSE,16,21,7,18
89,67406,QF0678-QF2130-QF2131-QF0691,3_2,ADLCBR,575,545.71,sabre,20180823,ADLCBR,FALSE,16,47,7,42
90,67407,QF0676-QF2130-QF0855-QF0693,3_2,ADLCBR,590,545.71,sabre,20180823,ADLCBR,FALSE,16,50,7,45
91,67408,QF0676-QF2130-QF0855-QF0691,3_2,ADLCBR,530,545.71,sabre,20180823,ADLCBR,FALSE,16,38,7,34
92,67409,QF0730-QF1475-QF0809-QF0683,3_2,ADLCBR,740,555.04,sabre,20180823,ADLCBR,FALSE,17,78,8,70
93,67410,QF0674-QF2130-QF1462-QF1557,3_2,ADLCBR,710,555.04,sabre,20180823,ADLCBR,FALSE,17,72,8,65
94,67411,QF0738-QF1475-QF0809-QF0683,3_2,ADLCBR,545,555.04,sabre,20180823,ADLCBR,FALSE,17,41,8,36
95,67412,QF0738-QF1475-QF0811-QF0683,3_2,ADLCBR,485,555.04,sabre,20180823,ADLCBR,FALSE,17,29,8,25
96,67413,QF0738-QF1475-QF0855-QF0691,3_2,ADLCBR,570,555.04,sabre,20180823,ADLCBR,FALSE,17,46,8,41
97,67414,QF0738-QF1475-QF0855-QF0693,3_2,ADLCBR,630,555.04,sabre,20180823,ADLCBR,FALSE,17,58,8,52
98,67415,QF0740-QF1475-QF2131-QF0691,3_2,ADLCBR,760,555.04,sabre,20180823,ADLCBR,FALSE,17,82,8,73
99,67416,QF0676-QF2130-QF0872-QF1557,3_2,ADLCBR,595,555.04,sabre,20180823,ADLCBR,FALSE,17,51,8,46
100,67417,QF0740-QF1475-QF0809-QF0683,3_2,ADLCBR,625,555.04,sabre,20180823,ADLCBR,FALSE,17,57,8,51
101,67418,QF0740-QF1475-QF0853-QF0691,3_2,ADLCBR,730,555.04,sabre,20180823,ADLCBR,FALSE,17,76,8,68
102,67419,QF0740-QF1475-QF0855-QF0691,3_2,ADLCBR,650,555.04,sabre,20180823,ADLCBR,FALSE,17,61,8,55
103,67420,QF0740-QF1475-QF0855-QF0693,3_2,ADLCBR,710,555.04,sabre,20180823,ADLCBR,FALSE,17,72,8,65
104,67421,QF0740-QF1475-QF0855-QF0697,3_2,ADLCBR,775,555.04,sabre,20180823,ADLCBR,FALSE,17,85,8,76
105,67422,QF0674-QF2130-QF1516-QF0759,3_2,ADLCBR,760,555.04,sabre,20180823,ADLCBR,FALSE,17,82,8,73
106,67423,QF0730-QF1475-QF0855-QF0693,3_2,ADLCBR,825,555.04,sabre,20180823,ADLCBR,FALSE,17,93,8,83
107,67424,QF0730-QF1475-QF0855-QF0691,3_2,ADLCBR,765,555.04,sabre,20180823,ADLCBR,FALSE,17,83,8,74
108,67425,QF0740-QF1475-QF0811-QF0683,3_2,ADLCBR,565,555.04,sabre,20180823,ADLCBR,FALSE,17,45,8,40
109,67426,QF0678-QF2130-QF1462-QF1557,3_2,ADLCBR,500,555.04,sabre,20180823,ADLCBR,FALSE,17,32,8,28
110,67427,QF0730-QF1475-QF0811-QF0683,3_2,ADLCBR,680,555.04,sabre,20180823,ADLCBR,FALSE,17,66,8,59
111,67428,QF0676-QF2130-QF1462-QF1557,3_2,ADLCBR,565,555.04,sabre,20180823,ADLCBR,FALSE,17,45,8,40
112,67429,QF0674-QF2130-QF1422-QF0759,3_2,ADLCBR,675,555.04,sabre,20180823,ADLCBR,FALSE,17,65,8,58
113,67430,QF0678-QF2130-QF1422-QF0759,3_2,ADLCBR,465,555.04,sabre,20180823,ADLCBR,FALSE,17,25,8,21
114,67431,QF0676-QF2130-QF0872-QF0759,3_2,ADLCBR,730,555.04,sabre,20180823,ADLCBR,FALSE,17,76,8,68
115,67432,QF0674-QF2130-QF1516-QF1557,3_2,ADLCBR,625,555.04,sabre,20180823,ADLCBR,FALSE,17,57,8,51
116,67433,QF0730-QF1475-QF0853-QF0691,3_2,ADLCBR,845,555.04,sabre,20180823,ADLCBR,FALSE,17,96,8,85
117,67434,QF0674-QF2130-QF0872-QF1557,3_2,ADLCBR,740,555.04,sabre,20180823,ADLCBR,FALSE,17,78,8,70
118,67435,QF0730-QF1475-QF2131-QF0691,3_2,ADLCBR,875,555.04,sabre,20180823,ADLCBR,FALSE,17,101,8,88
119,67436,QF0678-QF2130-QF0872-QF1557,3_2,ADLCBR,530,555.04,sabre,20180823,ADLCBR,FALSE,17,38,8,34
120,67437,QF0678-QF2130-QF0872-QF0759,3_2,ADLCBR,665,555.04,sabre,20180823,ADLCBR,FALSE,17,64,8,57
121,67438,QF0676-QF2130-QF1516-QF0759,3_2,ADLCBR,615,555.04,sabre,20180823,ADLCBR,FALSE,17,55,8,50
122,67439,QF0676-QF2130-QF1516-QF1557,3_2,ADLCBR,480,555.04,sabre,20180823,ADLCBR,FALSE,17,28,8,24
123,67440,QF0678-QF2130-QF1516-QF1557,3_2,ADLCBR,415,555.04,sabre,20180823,ADLCBR,FALSE,17,17,8,15
124,67441,QF0678-QF2130-QF1516-QF0759,3_2,ADLCBR,550,555.04,sabre,20180823,ADLCBR,FALSE,17,42,8,37
125,67442,QF0676-QF2130-QF1422-QF0759,3_2,ADLCBR,530,555.04,sabre,20180823,ADLCBR,FALSE,17,38,8,34
126,67443,VA0214-VA0271-VA0581,3_2,ADLCBR,365,557.67,sabre,20180823,ADLCBR,FALSE,18,8,9,8
127,67444,VA0204-VA0277-VA0581,3_2,ADLCBR,695,557.67,sabre,20180823,ADLCBR,FALSE,18,69,9,62
128,67445,QF0730-QF1475-QF0872-QF1557,3_2,ADLCBR,830,564.37,sabre,20180823,ADLCBR,FALSE,19,94,10,84
129,67446,QF0730-QF1475-QF1422-QF0759,3_2,ADLCBR,765,564.37,sabre,20180823,ADLCBR,FALSE,19,83,10,74
130,67447,QF0730-QF1475-QF1462-QF1557,3_2,ADLCBR,800,564.37,sabre,20180823,ADLCBR,FALSE,19,89,10,80
131,67448,QF0740-QF1475-QF0872-QF1557,3_2,ADLCBR,715,564.37,sabre,20180823,ADLCBR,FALSE,19,73,10,66
132,67449,QF0730-QF1475-QF1516-QF1557,3_2,ADLCBR,715,564.37,sabre,20180823,ADLCBR,FALSE,19,73,10,66
133,67450,QF0730-QF1475-QF1516-QF0759,3_2,ADLCBR,850,564.37,sabre,20180823,ADLCBR,FALSE,19,97,10,86
134,67451,QF0738-QF1475-QF1516-QF1557,3_2,ADLCBR,520,564.37,sabre,20180823,ADLCBR,FALSE,19,36,10,32
135,67452,QF0738-QF1475-QF1516-QF0759,3_2,ADLCBR,655,564.37,sabre,20180823,ADLCBR,FALSE,19,62,10,56
136,67453,QF0740-QF1475-QF1516-QF0759,3_2,ADLCBR,735,564.37,sabre,20180823,ADLCBR,FALSE,19,77,10,69
137,67454,QF0740-QF1475-QF1516-QF1557,3_2,ADLCBR,600,564.37,sabre,20180823,ADLCBR,FALSE,19,52,10,47
138,67455,QF0738-QF1475-QF1422-QF0759,3_2,ADLCBR,570,564.37,sabre,20180823,ADLCBR,FALSE,19,46,10,41
139,67456,QF0738-QF1475-QF0872-QF1557,3_2,ADLCBR,635,564.37,sabre,20180823,ADLCBR,FALSE,19,59,10,53
140,67457,QF0740-QF1475-QF1462-QF1557,3_2,ADLCBR,685,564.37,sabre,20180823,ADLCBR,FALSE,19,67,10,60
141,67458,QF0740-QF1475-QF1422-QF0759,3_2,ADLCBR,650,564.37,sabre,20180823,ADLCBR,FALSE,19,61,10,55
142,67459,QF0738-QF1475-QF1462-QF1557,3_2,ADLCBR,605,564.37,sabre,20180823,ADLCBR,FALSE,19,53,10,48
143,67460,VA0204-VA0271-VA0633-VA0422,3_2,ADLCBR,885,573.97,sabre,20180823,ADLCBR,FALSE,20,103,11,90
144,67461,VA0214-VA0271-VA0657-VA0436,3_2,ADLCBR,515,573.97,sabre,20180823,ADLCBR,FALSE,20,35,11,31
145,67462,VA0204-VA0259-VA0629-VA0412,3_2,ADLCBR,405,573.97,sabre,20180823,ADLCBR,FALSE,20,15,11,14
146,67463,VA0204-VA0277-VA0657-VA0436,3_2,ADLCBR,845,573.97,sabre,20180823,ADLCBR,FALSE,20,96,11,85
147,67464,VA0204-VA0271-VA0629-VA0412,3_2,ADLCBR,690,573.97,sabre,20180823,ADLCBR,FALSE,20,68,11,61
148,67465,VA0204-VA0277-VA0641-VA0422,3_2,ADLCBR,885,573.97,sabre,20180823,ADLCBR,FALSE,20,103,11,90
149,67466,VA0204-VA0277-VA0625-VA0412,3_2,ADLCBR,875,573.97,sabre,20180823,ADLCBR,FALSE,20,101,11,88
150,67467,VA0204-VA0259-VA0633-VA0428,3_2,ADLCBR,795,573.97,sabre,20180823,ADLCBR,FALSE,20,88,11,79
151,67468,VA0204-VA0259-VA0633-VA0422,3_2,ADLCBR,600,573.97,sabre,20180823,ADLCBR,FALSE,20,52,11,47
152,67469,VA0204-VA0259-VA0625-VA0422,3_2,ADLCBR,725,573.97,sabre,20180823,ADLCBR,FALSE,20,75,11,67
153,67470,VA0214-VA0271-VA0651-VA0444,3_2,ADLCBR,725,573.97,sabre,20180823,ADLCBR,FALSE,20,75,11,67
154,67471,VA0214-VA0271-VA0645-VA0436,3_2,ADLCBR,725,573.97,sabre,20180823,ADLCBR,FALSE,20,75,11,67
155,67472,VA0214-VA0271-VA0625-VA0412,3_2,ADLCBR,545,573.97,sabre,20180823,ADLCBR,FALSE,20,41,11,36
156,67473,VA0214-VA0271-VA0641-VA0422,3_2,ADLCBR,555,573.97,sabre,20180823,ADLCBR,FALSE,20,43,11,38
157,67474,VA0214-VA0271-VA0641-VA0428,3_2,ADLCBR,750,573.97,sabre,20180823,ADLCBR,FALSE,20,80,11,71
158,67475,VA0214-VA0271-VA0651-VA0428,3_2,ADLCBR,480,573.97,sabre,20180823,ADLCBR,FALSE,20,28,11,24
159,67476,VA0214-VA0271-VA0645-VA0428,3_2,ADLCBR,600,573.97,sabre,20180823,ADLCBR,FALSE,20,52,11,47
160,67477,VA0214-VA0271-VA0657-VA0444,3_2,ADLCBR,635,573.97,sabre,20180823,ADLCBR,FALSE,20,59,11,53
161,67478,VA0214-VA0271-VA0252-VA0223,3_2,ADLCBR,685,575.33,sabre,20180823,ADLCBR,FALSE,21,67,12,60
162,67479,VA0214-VA0271-VA0256-VA0223,3_2,ADLCBR,540,575.33,sabre,20180823,ADLCBR,FALSE,21,40,12,35
163,67480,VA0214-VA0271-VA0274-VA0243,3_2,ADLCBR,585,575.33,sabre,20180823,ADLCBR,FALSE,21,49,12,44
164,67481,VA0214-VA0271-VA0274-VA0239,3_2,ADLCBR,495,575.33,sabre,20180823,ADLCBR,FALSE,21,31,12,27
165,67482,VA0214-VA0271-VA0262-VA0239,3_2,ADLCBR,760,575.33,sabre,20180823,ADLCBR,FALSE,21,82,12,73
166,67483,VA0214-VA0271-VA0256-VA0229,3_2,ADLCBR,690,575.33,sabre,20180823,ADLCBR,FALSE,21,68,12,61
167,67484,VA0214-VA0271-VA0262-VA0233,3_2,ADLCBR,700,575.33,sabre,20180823,ADLCBR,FALSE,21,70,12,63
168,67485,VA0214-VA0271-VA0262-VA0229,3_2,ADLCBR,580,575.33,sabre,20180823,ADLCBR,FALSE,21,48,12,43
169,67486,VA0214-VA0271-VA0252-VA0213,3_2,ADLCBR,445,575.33,sabre,20180823,ADLCBR,FALSE,21,22,12,19
170,67487,VA0204-VA0277-VA0252-VA0219,3_2,ADLCBR,895,575.33,sabre,20180823,ADLCBR,FALSE,21,105,12,91
171,67488,VA0204-VA0277-VA0256-VA0223,3_2,ADLCBR,870,575.33,sabre,20180823,ADLCBR,FALSE,21,100,12,87
172,67489,VA0204-VA0277-VA0274-VA0239,3_2,ADLCBR,825,575.33,sabre,20180823,ADLCBR,FALSE,21,93,12,83
173,67490,VA0204-VA0277-VA0274-VA0243,3_2,ADLCBR,915,575.33,sabre,20180823,ADLCBR,FALSE,21,109,12,94
174,67491,VA0214-VA0271-VA0252-VA0219,3_2,ADLCBR,565,575.33,sabre,20180823,ADLCBR,FALSE,21,45,12,40
175,67492,VA0204-VA0277-VA0262-VA0229,3_2,ADLCBR,910,575.33,sabre,20180823,ADLCBR,FALSE,21,108,12,93
176,67493,VA0580-VA0581,3_2,ADLCBR,205,580.01,sabre,20180823,ADLCBR,FALSE,22,1,13,1
177,67494,QF0678-QF2130-QF1476-QF0743,3_2,ADLCBR,525,592.2,sabre,20180823,ADLCBR,FALSE,23,37,14,33
178,67495,QF0678-QF2130-QF1466-QF1557,3_2,ADLCBR,455,592.2,sabre,20180823,ADLCBR,FALSE,23,23,14,20
179,67496,QF0678-QF2130-QF1466-QF0759,3_2,ADLCBR,590,592.2,sabre,20180823,ADLCBR,FALSE,23,50,14,45
180,67497,QF0678-QF2130-QF1480-QF0765,3_2,ADLCBR,465,592.2,sabre,20180823,ADLCBR,FALSE,23,25,14,21
181,67498,QF0678-QF2130-QF1476-QF0765,3_2,ADLCBR,415,592.2,sabre,20180823,ADLCBR,FALSE,23,17,14,15
182,67499,QF0676-QF2130-QF1480-QF0765,3_2,ADLCBR,530,592.2,sabre,20180823,ADLCBR,FALSE,23,38,14,34
183,67500,QF0676-QF2130-QF1476-QF0743,3_2,ADLCBR,590,592.2,sabre,20180823,ADLCBR,FALSE,23,50,14,45
184,67501,QF0676-QF2130-QF1466-QF1557,3_2,ADLCBR,520,592.2,sabre,20180823,ADLCBR,FALSE,23,36,14,32
185,67502,QF0674-QF2130-QF1476-QF0765,3_2,ADLCBR,625,592.2,sabre,20180823,ADLCBR,FALSE,23,57,14,51
186,67503,QF0674-QF2130-QF1476-QF0743,3_2,ADLCBR,735,592.2,sabre,20180823,ADLCBR,FALSE,23,77,14,69
187,67504,QF0676-QF2130-QF1476-QF0765,3_2,ADLCBR,480,592.2,sabre,20180823,ADLCBR,FALSE,23,28,14,24
188,67505,VA0580-VA0645-VA0436,3_2,ADLCBR,565,596.31,sabre,20180823,ADLCBR,FALSE,24,45,15,40
189,67506,VA0580-VA0625-VA0412,3_2,ADLCBR,385,596.31,sabre,20180823,ADLCBR,FALSE,24,12,15,11
190,67507,VA0580-VA0641-VA0422,3_2,ADLCBR,395,596.31,sabre,20180823,ADLCBR,FALSE,24,13,15,12
191,67508,VA0580-VA0651-VA0428,3_2,ADLCBR,320,596.31,sabre,20180823,ADLCBR,FALSE,24,4,15,4
192,67509,VA0580-VA0651-VA0444,3_2,ADLCBR,565,596.31,sabre,20180823,ADLCBR,FALSE,24,45,15,40
193,67510,VA0580-VA0657-VA0436,3_2,ADLCBR,355,596.31,sabre,20180823,ADLCBR,FALSE,24,6,15,6
194,67511,VA0580-VA0657-VA0444,3_2,ADLCBR,475,596.31,sabre,20180823,ADLCBR,FALSE,24,27,15,23
195,67512,VA0580-VA0645-VA0428,3_2,ADLCBR,440,596.31,sabre,20180823,ADLCBR,FALSE,24,21,15,18
196,67513,VA0580-VA0256-VA0229,3_2,ADLCBR,530,597.67,sabre,20180823,ADLCBR,FALSE,25,38,16,34
197,67514,VA0580-VA0274-VA0239,3_2,ADLCBR,335,597.67,sabre,20180823,ADLCBR,FALSE,25,5,16,5
198,67515,VA0580-VA0262-VA0233,3_2,ADLCBR,540,597.67,sabre,20180823,ADLCBR,FALSE,25,40,16,35
199,67516,VA0580-VA0274-VA0243,3_2,ADLCBR,425,597.67,sabre,20180823,ADLCBR,FALSE,25,19,16,17
200,67517,QF0708-QF0713,3_2,ADLCBR,205,761.85,sabre,20180823,ADLCBR,FALSE,26,1,17,1
201,67518,QF0708-QF0737,3_2,ADLCBR,205,898,sabre,20180823,ADLCBR,FALSE,27,1,18,1
202,33112,VA0204-VA0259-VA0581,3_2,ADLCBR,290,487.99,competitor,20180823,ADLCBR,TRUE,2,2,1,1
203,33113,VA0204-VA0271-VA0581,3_2,ADLCBR,575,487.99,competitor,20180823,ADLCBR,TRUE,2,47,1,32
204,33114,VA0204-VA0259-VA0625-VA0412,3_2,ADLCBR,470,503.99,competitor,20180823,ADLCBR,TRUE,4,26,2,15
205,33115,VA0204-VA0259-VA0641-VA0428,3_2,ADLCBR,675,503.99,competitor,20180823,ADLCBR,TRUE,4,65,2,47
206,33116,VA0204-VA0259-VA0645-VA0428,3_2,ADLCBR,525,503.99,competitor,20180823,ADLCBR,TRUE,4,37,2,24
207,33117,VA0204-VA0259-VA0645-VA0436,3_2,ADLCBR,650,503.99,competitor,20180823,ADLCBR,TRUE,4,61,2,43
208,33118,VA0204-VA0259-VA0645-VA0444,3_2,ADLCBR,770,503.99,competitor,20180823,ADLCBR,TRUE,4,84,2,62
209,33119,VA0204-VA0259-VA0651-VA0428,3_2,ADLCBR,405,503.99,competitor,20180823,ADLCBR,TRUE,4,15,2,7
210,33120,VA0204-VA0259-VA0651-VA0436,3_2,ADLCBR,530,503.99,competitor,20180823,ADLCBR,TRUE,4,38,2,25
211,33121,VA0204-VA0259-VA0651-VA0444,3_2,ADLCBR,650,503.99,competitor,20180823,ADLCBR,TRUE,4,61,2,43
212,33122,VA0204-VA0259-VA0657-VA0444,3_2,ADLCBR,560,503.99,competitor,20180823,ADLCBR,TRUE,4,44,2,29
213,33123,VA0204-VA0259-VA0641-VA0422,3_2,ADLCBR,480,503.99,competitor,20180823,ADLCBR,TRUE,4,28,2,17
214,33124,VA0204-VA0259-VA0657-VA0436,3_2,ADLCBR,440,503.99,competitor,20180823,ADLCBR,TRUE,4,21,2,11
215,33125,VA0204-VA0271-VA0625-VA0412,3_2,ADLCBR,755,503.99,competitor,20180823,ADLCBR,TRUE,4,81,2,59
216,33126,VA0204-VA0271-VA0645-VA0428,3_2,ADLCBR,810,503.99,competitor,20180823,ADLCBR,TRUE,4,91,2,68
217,33127,VA0204-VA0271-VA0651-VA0428,3_2,ADLCBR,690,503.99,competitor,20180823,ADLCBR,TRUE,4,68,2,50
218,33128,VA0204-VA0271-VA0651-VA0436,3_2,ADLCBR,815,503.99,competitor,20180823,ADLCBR,TRUE,4,92,2,69
219,33129,VA0204-VA0271-VA0657-VA0444,3_2,ADLCBR,845,503.99,competitor,20180823,ADLCBR,TRUE,4,96,2,73
220,33130,VA0204-VA0271-VA0641-VA0422,3_2,ADLCBR,765,503.99,competitor,20180823,ADLCBR,TRUE,4,83,2,61
221,33131,VA0204-VA0271-VA0657-VA0436,3_2,ADLCBR,725,503.99,competitor,20180823,ADLCBR,TRUE,4,75,2,54
222,33132,VA0204-VA0259-VA0641-VA0436,3_2,ADLCBR,800,503.99,competitor,20180823,ADLCBR,TRUE,4,89,2,66
223,33133,VA0204-VA0259-VA0641-VA0444,3_2,ADLCBR,920,503.99,competitor,20180823,ADLCBR,TRUE,4,110,2,85
224,33134,VA0204-VA0271-VA0641-VA0428,3_2,ADLCBR,960,503.99,competitor,20180823,ADLCBR,TRUE,4,117,2,92
225,33135,VA0204-VA0271-VA0641-VA0444,3_2,ADLCBR,1205,503.99,competitor,20180823,ADLCBR,TRUE,4,143,2,117
226,33136,VA0204-VA0271-VA0645-VA0436,3_2,ADLCBR,935,503.99,competitor,20180823,ADLCBR,TRUE,4,112,2,87
227,33137,VA0204-VA0271-VA0645-VA0444,3_2,ADLCBR,1055,503.99,competitor,20180823,ADLCBR,TRUE,4,131,2,105
228,33138,VA0204-VA0271-VA0651-VA0444,3_2,ADLCBR,935,503.99,competitor,20180823,ADLCBR,TRUE,4,112,2,87
229,33139,VA0204-VA0271-VA0641-VA0436,3_2,ADLCBR,1085,503.99,competitor,20180823,ADLCBR,TRUE,4,134,2,108
230,33140,VA0204-VA0259-VA0252-VA0213,3_2,ADLCBR,370,505.99,competitor,20180823,ADLCBR,TRUE,6,9,3,4
231,33141,VA0204-VA0259-VA0252-VA0219,3_2,ADLCBR,490,505.99,competitor,20180823,ADLCBR,TRUE,6,30,3,19
232,33142,VA0204-VA0259-VA0252-VA0223,3_2,ADLCBR,610,505.99,competitor,20180823,ADLCBR,TRUE,6,54,3,37
233,33143,VA0204-VA0259-VA0256-VA0223,3_2,ADLCBR,465,505.99,competitor,20180823,ADLCBR,TRUE,6,25,3,14
234,33144,VA0204-VA0259-VA0256-VA0229,3_2,ADLCBR,615,505.99,competitor,20180823,ADLCBR,TRUE,6,55,3,38
235,33145,VA0204-VA0259-VA0274-VA0239,3_2,ADLCBR,420,505.99,competitor,20180823,ADLCBR,TRUE,6,18,3,9
236,33146,VA0204-VA0259-VA0274-VA0243,3_2,ADLCBR,510,505.99,competitor,20180823,ADLCBR,TRUE,6,34,3,22
237,33147,VA0204-VA0259-VA0262-VA0229,3_2,ADLCBR,505,505.99,competitor,20180823,ADLCBR,TRUE,6,33,3,21
238,33148,VA0204-VA0259-VA0252-VA0229,3_2,ADLCBR,760,505.99,competitor,20180823,ADLCBR,TRUE,6,82,3,60
239,33149,VA0204-VA0259-VA0252-VA0233,3_2,ADLCBR,880,505.99,competitor,20180823,ADLCBR,TRUE,6,102,3,77
240,33150,VA0204-VA0259-VA0252-VA0239,3_2,ADLCBR,940,505.99,competitor,20180823,ADLCBR,TRUE,6,113,3,88
241,33151,VA0204-VA0259-VA0252-VA0243,3_2,ADLCBR,1030,505.99,competitor,20180823,ADLCBR,TRUE,6,127,3,102
242,33152,VA0204-VA0259-VA0256-VA0233,3_2,ADLCBR,735,505.99,competitor,20180823,ADLCBR,TRUE,6,77,3,55
243,33153,VA0204-VA0259-VA0256-VA0239,3_2,ADLCBR,795,505.99,competitor,20180823,ADLCBR,TRUE,6,88,3,65
244,33154,VA0204-VA0259-VA0256-VA0243,3_2,ADLCBR,885,505.99,competitor,20180823,ADLCBR,TRUE,6,103,3,78
245,33155,VA0204-VA0259-VA0262-VA0239,3_2,ADLCBR,685,505.99,competitor,20180823,ADLCBR,TRUE,6,67,3,49
246,33156,VA0204-VA0259-VA0262-VA0233,3_2,ADLCBR,625,505.99,competitor,20180823,ADLCBR,TRUE,6,57,3,40
247,33157,VA0204-VA0259-VA0262-VA0243,3_2,ADLCBR,775,505.99,competitor,20180823,ADLCBR,TRUE,6,85,3,63
248,33158,VA0204-VA0271-VA0252-VA0213,3_2,ADLCBR,655,505.99,competitor,20180823,ADLCBR,TRUE,6,62,3,44
249,33159,VA0204-VA0271-VA0252-VA0219,3_2,ADLCBR,775,505.99,competitor,20180823,ADLCBR,TRUE,6,85,3,63
250,33160,VA0204-VA0271-VA0252-VA0223,3_2,ADLCBR,895,505.99,competitor,20180823,ADLCBR,TRUE,6,105,3,80
251,33161,VA0204-VA0271-VA0252-VA0229,3_2,ADLCBR,1045,505.99,competitor,20180823,ADLCBR,TRUE,6,130,3,104
252,33162,VA0204-VA0271-VA0252-VA0233,3_2,ADLCBR,1165,505.99,competitor,20180823,ADLCBR,TRUE,6,140,3,114
253,33163,VA0204-VA0271-VA0252-VA0239,3_2,ADLCBR,1225,505.99,competitor,20180823,ADLCBR,TRUE,6,144,3,118
254,33164,VA0204-VA0271-VA0252-VA0243,3_2,ADLCBR,1315,505.99,competitor,20180823,ADLCBR,TRUE,6,151,3,125
255,33165,VA0204-VA0271-VA0256-VA0223,3_2,ADLCBR,750,505.99,competitor,20180823,ADLCBR,TRUE,6,80,3,58
256,33166,VA0204-VA0271-VA0256-VA0229,3_2,ADLCBR,900,505.99,competitor,20180823,ADLCBR,TRUE,6,106,3,81
257,33167,VA0204-VA0271-VA0256-VA0233,3_2,ADLCBR,1020,505.99,competitor,20180823,ADLCBR,TRUE,6,126,3,101
258,33168,VA0204-VA0271-VA0256-VA0239,3_2,ADLCBR,1080,505.99,competitor,20180823,ADLCBR,TRUE,6,133,3,107
259,33169,VA0204-VA0271-VA0256-VA0243,3_2,ADLCBR,1170,505.99,competitor,20180823,ADLCBR,TRUE,6,141,3,115
260,33170,VA0204-VA0271-VA0274-VA0239,3_2,ADLCBR,705,505.99,competitor,20180823,ADLCBR,TRUE,6,71,3,52
261,33171,VA0204-VA0271-VA0274-VA0243,3_2,ADLCBR,795,505.99,competitor,20180823,ADLCBR,TRUE,6,88,3,65
262,33172,VA0204-VA0271-VA0262-VA0229,3_2,ADLCBR,790,505.99,competitor,20180823,ADLCBR,TRUE,6,87,3,64
263,33173,VA0204-VA0271-VA0262-VA0239,3_2,ADLCBR,970,505.99,competitor,20180823,ADLCBR,TRUE,6,119,3,94
264,33174,VA0204-VA0271-VA0262-VA0233,3_2,ADLCBR,910,505.99,competitor,20180823,ADLCBR,TRUE,6,108,3,83
265,33175,VA0204-VA0271-VA0262-VA0243,3_2,ADLCBR,1060,505.99,competitor,20180823,ADLCBR,TRUE,6,132,3,106
266,33176,QF0674-QF2130-VA0581,3_2,ADLCBR,505,507.99,competitor,20180823,ADLCBR,FALSE,7,33,4,21
267,33177,QF0676-QF2130-VA0581,3_2,ADLCBR,360,507.99,competitor,20180823,ADLCBR,FALSE,7,7,4,3
268,33178,QF0678-QF2130-VA0581,3_2,ADLCBR,295,507.99,competitor,20180823,ADLCBR,FALSE,7,3,4,2
269,33179,VA0204-VA0259-VA0645-VA0402,3_2,ADLCBR,1400,508.99,competitor,20180823,ADLCBR,FALSE,8,155,5,128
270,33180,VA0204-VA0259-VA0651-VA0402,3_2,ADLCBR,1280,508.99,competitor,20180823,ADLCBR,FALSE,8,147,5,121
271,33181,VA0204-VA0259-VA0657-VA0402,3_2,ADLCBR,1190,508.99,competitor,20180823,ADLCBR,FALSE,8,142,5,116
272,33182,VA0204-VA0259-VA0657-VA0412,3_2,ADLCBR,1305,508.99,competitor,20180823,ADLCBR,FALSE,8,150,5,124
273,33183,VA0204-VA0259-VA0669-VA0402,3_2,ADLCBR,1010,508.99,competitor,20180823,ADLCBR,FALSE,8,124,5,99
274,33184,VA0204-VA0259-VA0669-VA0412,3_2,ADLCBR,1125,508.99,competitor,20180823,ADLCBR,FALSE,8,137,5,111
275,33185,VA0204-VA0259-VA0669-VA0422,3_2,ADLCBR,1380,508.99,competitor,20180823,ADLCBR,FALSE,8,153,5,126
276,33186,VA0204-VA0259-VA0651-VA0412,3_2,ADLCBR,1395,508.99,competitor,20180823,ADLCBR,FALSE,8,154,5,127
277,33187,VA0204-VA0271-VA0645-VA0402,3_2,ADLCBR,1685,508.99,competitor,20180823,ADLCBR,FALSE,8,167,5,139
278,33188,VA0204-VA0271-VA0651-VA0402,3_2,ADLCBR,1565,508.99,competitor,20180823,ADLCBR,FALSE,8,162,5,134
279,33189,VA0204-VA0271-VA0657-VA0402,3_2,ADLCBR,1475,508.99,competitor,20180823,ADLCBR,FALSE,8,158,5,130
280,33190,VA0204-VA0271-VA0657-VA0412,3_2,ADLCBR,1590,508.99,competitor,20180823,ADLCBR,FALSE,8,164,5,136
281,33191,VA0204-VA0271-VA0669-VA0402,3_2,ADLCBR,1295,508.99,competitor,20180823,ADLCBR,FALSE,8,149,5,123
282,33192,VA0204-VA0271-VA0669-VA0412,3_2,ADLCBR,1410,508.99,competitor,20180823,ADLCBR,FALSE,8,156,5,129
283,33193,VA0204-VA0271-VA0669-VA0422,3_2,ADLCBR,1665,508.99,competitor,20180823,ADLCBR,FALSE,8,165,5,137
284,33194,VA0204-VA0271-VA0651-VA0412,3_2,ADLCBR,1680,508.99,competitor,20180823,ADLCBR,FALSE,8,166,5,138
285,33195,VA0204-VA0259-QF0713,3_2,ADLCBR,290,508.99,competitor,20180823,ADLCBR,FALSE,8,2,5,1
286,33196,VA0204-VA0271-QF0713,3_2,ADLCBR,575,508.99,competitor,20180823,ADLCBR,FALSE,8,47,5,32
287,33197,VA0204-VA0259-VA0274-VA0211,3_2,ADLCBR,1230,511.99,competitor,20180823,ADLCBR,FALSE,9,145,6,119
288,33198,VA0204-VA0259-VA0274-VA0213,3_2,ADLCBR,1290,511.99,competitor,20180823,ADLCBR,FALSE,9,148,6,122
289,33199,VA0204-VA0259-VA0274-VA0219,3_2,ADLCBR,1410,511.99,competitor,20180823,ADLCBR,FALSE,9,156,6,129
290,33200,VA0204-VA0259-VA0274-VA0223,3_2,ADLCBR,1530,511.99,competitor,20180823,ADLCBR,FALSE,9,161,6,133
291,33201,VA0204-VA0259-VA0262-VA0211,3_2,ADLCBR,1495,511.99,competitor,20180823,ADLCBR,FALSE,9,159,6,131
292,33202,VA0204-VA0271-VA0274-VA0211,3_2,ADLCBR,1515,511.99,competitor,20180823,ADLCBR,FALSE,9,160,6,132
293,33203,VA0204-VA0271-VA0274-VA0213,3_2,ADLCBR,1575,511.99,competitor,20180823,ADLCBR,FALSE,9,163,6,135
294,33204,VA0204-VA0271-VA0274-VA0219,3_2,ADLCBR,1695,511.99,competitor,20180823,ADLCBR,FALSE,9,168,6,140
295,33205,VA0204-VA0271-VA0274-VA0223,3_2,ADLCBR,1815,511.99,competitor,20180823,ADLCBR,FALSE,9,170,6,142
296,33206,VA0204-VA0271-VA0262-VA0211,3_2,ADLCBR,1780,511.99,competitor,20180823,ADLCBR,FALSE,9,169,6,141
297,33207,QF0730-QF1475-VA0581,3_2,ADLCBR,595,517.99,competitor,20180823,ADLCBR,FALSE,10,51,7,35
298,33208,QF0740-QF1475-VA0581,3_2,ADLCBR,480,517.99,competitor,20180823,ADLCBR,FALSE,10,28,7,17
299,33209,QF0738-QF1475-VA0581,3_2,ADLCBR,400,517.99,competitor,20180823,ADLCBR,FALSE,10,14,7,6
300,33210,QF0674-QF2130-VA0625-VA0412,3_2,ADLCBR,685,524.99,competitor,20180823,ADLCBR,FALSE,11,67,8,49
301,33211,QF0674-QF2130-VA0641-VA0428,3_2,ADLCBR,890,524.99,competitor,20180823,ADLCBR,FALSE,11,104,8,79
302,33212,QF0674-QF2130-VA0641-VA0444,3_2,ADLCBR,1135,524.99,competitor,20180823,ADLCBR,FALSE,11,138,8,112
303,33213,QF0674-QF2130-VA0645-VA0428,3_2,ADLCBR,740,524.99,competitor,20180823,ADLCBR,FALSE,11,78,8,56
304,33214,QF0674-QF2130-VA0645-VA0436,3_2,ADLCBR,865,524.99,competitor,20180823,ADLCBR,FALSE,11,99,8,75
305,33215,QF0674-QF2130-VA0645-VA0444,3_2,ADLCBR,985,524.99,competitor,20180823,ADLCBR,FALSE,11,122,8,97
306,33216,QF0674-QF2130-VA0651-VA0428,3_2,ADLCBR,620,524.99,competitor,20180823,ADLCBR,FALSE,11,56,8,39
307,33217,QF0674-QF2130-VA0651-VA0436,3_2,ADLCBR,745,524.99,competitor,20180823,ADLCBR,FALSE,11,79,8,57
308,33218,QF0674-QF2130-VA0651-VA0444,3_2,ADLCBR,865,524.99,competitor,20180823,ADLCBR,FALSE,11,99,8,75
309,33219,QF0674-QF2130-VA0657-VA0444,3_2,ADLCBR,775,524.99,competitor,20180823,ADLCBR,FALSE,11,85,8,63
310,33220,QF0676-QF2130-VA0625-VA0412,3_2,ADLCBR,540,524.99,competitor,20180823,ADLCBR,FALSE,11,40,8,27
311,33221,QF0676-QF2130-VA0641-VA0428,3_2,ADLCBR,745,524.99,competitor,20180823,ADLCBR,FALSE,11,79,8,57
312,33222,QF0676-QF2130-VA0641-VA0444,3_2,ADLCBR,990,524.99,competitor,20180823,ADLCBR,FALSE,11,123,8,98
313,33223,QF0676-QF2130-VA0645-VA0428,3_2,ADLCBR,595,524.99,competitor,20180823,ADLCBR,FALSE,11,51,8,35
314,33224,QF0676-QF2130-VA0645-VA0436,3_2,ADLCBR,720,524.99,competitor,20180823,ADLCBR,FALSE,11,74,8,53
315,33225,QF0676-QF2130-VA0645-VA0444,3_2,ADLCBR,840,524.99,competitor,20180823,ADLCBR,FALSE,11,95,8,72
316,33226,QF0676-QF2130-VA0651-VA0428,3_2,ADLCBR,475,524.99,competitor,20180823,ADLCBR,FALSE,11,27,8,16
317,33227,QF0676-QF2130-VA0651-VA0436,3_2,ADLCBR,600,524.99,competitor,20180823,ADLCBR,FALSE,11,52,8,36
318,33228,QF0676-QF2130-VA0651-VA0444,3_2,ADLCBR,720,524.99,competitor,20180823,ADLCBR,FALSE,11,74,8,53
319,33229,QF0676-QF2130-VA0657-VA0444,3_2,ADLCBR,630,524.99,competitor,20180823,ADLCBR,FALSE,11,58,8,41
320,33230,QF0678-QF2130-VA0625-VA0412,3_2,ADLCBR,475,524.99,competitor,20180823,ADLCBR,FALSE,11,27,8,16
321,33231,QF0678-QF2130-VA0641-VA0428,3_2,ADLCBR,680,524.99,competitor,20180823,ADLCBR,FALSE,11,66,8,48
322,33232,QF0678-QF2130-VA0641-VA0444,3_2,ADLCBR,925,524.99,competitor,20180823,ADLCBR,FALSE,11,111,8,86
323,33233,QF0678-QF2130-VA0645-VA0428,3_2,ADLCBR,530,524.99,competitor,20180823,ADLCBR,FALSE,11,38,8,25
324,33234,QF0678-QF2130-VA0645-VA0436,3_2,ADLCBR,655,524.99,competitor,20180823,ADLCBR,FALSE,11,62,8,44
325,33235,QF0678-QF2130-VA0645-VA0444,3_2,ADLCBR,775,524.99,competitor,20180823,ADLCBR,FALSE,11,85,8,63
326,33236,QF0678-QF2130-VA0651-VA0428,3_2,ADLCBR,410,524.99,competitor,20180823,ADLCBR,FALSE,11,16,8,8
327,33237,QF0678-QF2130-VA0651-VA0436,3_2,ADLCBR,535,524.99,competitor,20180823,ADLCBR,FALSE,11,39,8,26
328,33238,QF0678-QF2130-VA0651-VA0444,3_2,ADLCBR,655,524.99,competitor,20180823,ADLCBR,FALSE,11,62,8,44
329,33239,QF0678-QF2130-VA0657-VA0444,3_2,ADLCBR,565,524.99,competitor,20180823,ADLCBR,FALSE,11,45,8,30
330,33240,QF0674-QF2130-VA0641-VA0422,3_2,ADLCBR,695,524.99,competitor,20180823,ADLCBR,FALSE,11,69,8,51
331,33241,QF0674-QF2130-VA0657-VA0436,3_2,ADLCBR,655,524.99,competitor,20180823,ADLCBR,FALSE,11,62,8,44
332,33242,QF0676-QF2130-VA0641-VA0422,3_2,ADLCBR,550,524.99,competitor,20180823,ADLCBR,FALSE,11,42,8,28
333,33243,QF0676-QF2130-VA0657-VA0436,3_2,ADLCBR,510,524.99,competitor,20180823,ADLCBR,FALSE,11,34,8,22
334,33244,QF0678-QF2130-VA0641-VA0422,3_2,ADLCBR,485,524.99,competitor,20180823,ADLCBR,FALSE,11,29,8,18
335,33245,QF0678-QF2130-VA0657-VA0436,3_2,ADLCBR,445,524.99,competitor,20180823,ADLCBR,FALSE,11,22,8,12
336,33246,QF0674-QF2130-VA0641-VA0436,3_2,ADLCBR,1015,524.99,competitor,20180823,ADLCBR,FALSE,11,125,8,100
337,33247,QF0676-QF2130-VA0641-VA0436,3_2,ADLCBR,870,524.99,competitor,20180823,ADLCBR,FALSE,11,100,8,76
338,33248,QF0678-QF2130-VA0641-VA0436,3_2,ADLCBR,805,524.99,competitor,20180823,ADLCBR,FALSE,11,90,8,67
339,33249,VA0204-VA0259-QF0809-QF0683,3_2,ADLCBR,435,525.99,competitor,20180823,ADLCBR,FALSE,12,20,9,10
340,33250,VA0204-VA0259-QF0809-QF0691,3_2,ADLCBR,680,525.99,competitor,20180823,ADLCBR,FALSE,12,66,9,48
341,33251,VA0204-VA0259-QF0811-QF0683,3_2,ADLCBR,375,525.99,competitor,20180823,ADLCBR,FALSE,12,10,9,5
342,33252,VA0204-VA0259-QF0811-QF0691,3_2,ADLCBR,620,525.99,competitor,20180823,ADLCBR,FALSE,12,56,9,39
343,33253,VA0204-VA0259-QF0811-QF0693,3_2,ADLCBR,680,525.99,competitor,20180823,ADLCBR,FALSE,12,66,9,48
344,33254,VA0204-VA0259-QF2131-QF0691,3_2,ADLCBR,570,525.99,competitor,20180823,ADLCBR,FALSE,12,46,9,31
345,33255,VA0204-VA0259-QF2131-QF0693,3_2,ADLCBR,630,525.99,competitor,20180823,ADLCBR,FALSE,12,58,9,41
346,33256,VA0204-VA0259-QF2131-QF0697,3_2,ADLCBR,695,525.99,competitor,20180823,ADLCBR,FALSE,12,69,9,51
347,33257,VA0204-VA0259-QF0853-QF0691,3_2,ADLCBR,540,525.99,competitor,20180823,ADLCBR,FALSE,12,40,9,27
348,33258,VA0204-VA0259-QF0853-QF0693,3_2,ADLCBR,600,525.99,competitor,20180823,ADLCBR,FALSE,12,52,9,36
349,33259,VA0204-VA0259-QF0853-QF0697,3_2,ADLCBR,665,525.99,competitor,20180823,ADLCBR,FALSE,12,64,9,46
350,33260,VA0204-VA0259-QF0855-QF0691,3_2,ADLCBR,460,525.99,competitor,20180823,ADLCBR,FALSE,12,24,9,13
351,33261,VA0204-VA0259-QF0855-QF0693,3_2,ADLCBR,520,525.99,competitor,20180823,ADLCBR,FALSE,12,36,9,23
352,33262,VA0204-VA0259-QF0855-QF0697,3_2,ADLCBR,585,525.99,competitor,20180823,ADLCBR,FALSE,12,49,9,34
353,33263,VA0204-VA0271-QF0809-QF0683,3_2,ADLCBR,720,525.99,competitor,20180823,ADLCBR,FALSE,12,74,9,53
354,33264,VA0204-VA0271-QF0809-QF0691,3_2,ADLCBR,965,525.99,competitor,20180823,ADLCBR,FALSE,12,118,9,93
355,33265,VA0204-VA0271-QF0811-QF0683,3_2,ADLCBR,660,525.99,competitor,20180823,ADLCBR,FALSE,12,63,9,45
356,33266,VA0204-VA0271-QF0811-QF0691,3_2,ADLCBR,905,525.99,competitor,20180823,ADLCBR,FALSE,12,107,9,82
357,33267,VA0204-VA0271-QF0811-QF0693,3_2,ADLCBR,965,525.99,competitor,20180823,ADLCBR,FALSE,12,118,9,93
358,33268,VA0204-VA0271-QF2131-QF0691,3_2,ADLCBR,855,525.99,competitor,20180823,ADLCBR,FALSE,12,98,9,74
359,33269,VA0204-VA0271-QF2131-QF0693,3_2,ADLCBR,915,525.99,competitor,20180823,ADLCBR,FALSE,12,109,9,84
360,33270,VA0204-VA0271-QF2131-QF0697,3_2,ADLCBR,980,525.99,competitor,20180823,ADLCBR,FALSE,12,121,9,96
361,33271,VA0204-VA0271-QF0853-QF0691,3_2,ADLCBR,825,525.99,competitor,20180823,ADLCBR,FALSE,12,93,9,70
362,33272,VA0204-VA0271-QF0853-QF0693,3_2,ADLCBR,885,525.99,competitor,20180823,ADLCBR,FALSE,12,103,9,78
363,33273,VA0204-VA0271-QF0853-QF0697,3_2,ADLCBR,950,525.99,competitor,20180823,ADLCBR,FALSE,12,115,9,90
364,33274,VA0204-VA0271-QF0855-QF0691,3_2,ADLCBR,745,525.99,competitor,20180823,ADLCBR,FALSE,12,79,9,57
365,33275,VA0204-VA0271-QF0855-QF0693,3_2,ADLCBR,805,525.99,competitor,20180823,ADLCBR,FALSE,12,90,9,67
366,33276,VA0204-VA0271-QF0855-QF0697,3_2,ADLCBR,870,525.99,competitor,20180823,ADLCBR,FALSE,12,100,9,76
367,33277,QF0674-QF2130-VA0252-VA0213,3_2,ADLCBR,585,525.99,competitor,20180823,ADLCBR,FALSE,12,49,9,34
368,33278,QF0674-QF2130-VA0252-VA0219,3_2,ADLCBR,705,525.99,competitor,20180823,ADLCBR,FALSE,12,71,9,52
369,33279,QF0674-QF2130-VA0252-VA0223,3_2,ADLCBR,825,525.99,competitor,20180823,ADLCBR,FALSE,12,93,9,70
370,33280,QF0674-QF2130-VA0252-VA0229,3_2,ADLCBR,975,525.99,competitor,20180823,ADLCBR,FALSE,12,120,9,95
371,33281,QF0674-QF2130-VA0252-VA0233,3_2,ADLCBR,1095,525.99,competitor,20180823,ADLCBR,FALSE,12,135,9,109
372,33282,QF0674-QF2130-VA0252-VA0239,3_2,ADLCBR,1155,525.99,competitor,20180823,ADLCBR,FALSE,12,139,9,113
373,33283,QF0674-QF2130-VA0252-VA0243,3_2,ADLCBR,1245,525.99,competitor,20180823,ADLCBR,FALSE,12,146,9,120
374,33284,QF0674-QF2130-VA0256-VA0223,3_2,ADLCBR,680,525.99,competitor,20180823,ADLCBR,FALSE,12,66,9,48
375,33285,QF0674-QF2130-VA0256-VA0229,3_2,ADLCBR,830,525.99,competitor,20180823,ADLCBR,FALSE,12,94,9,71
376,33286,QF0674-QF2130-VA0256-VA0233,3_2,ADLCBR,950,525.99,competitor,20180823,ADLCBR,FALSE,12,115,9,90
377,33287,QF0674-QF2130-VA0256-VA0239,3_2,ADLCBR,1010,525.99,competitor,20180823,ADLCBR,FALSE,12,124,9,99
378,33288,QF0674-QF2130-VA0256-VA0243,3_2,ADLCBR,1100,525.99,competitor,20180823,ADLCBR,FALSE,12,136,9,110
379,33289,QF0674-QF2130-VA0274-VA0239,3_2,ADLCBR,635,525.99,competitor,20180823,ADLCBR,FALSE,12,59,9,42
380,33290,QF0674-QF2130-VA0274-VA0243,3_2,ADLCBR,725,525.99,competitor,20180823,ADLCBR,FALSE,12,75,9,54
381,33291,QF0676-QF2130-VA0252-VA0213,3_2,ADLCBR,440,525.99,competitor,20180823,ADLCBR,FALSE,12,21,9,11
382,33292,QF0676-QF2130-VA0252-VA0219,3_2,ADLCBR,560,525.99,competitor,20180823,ADLCBR,FALSE,12,44,9,29
383,33293,QF0676-QF2130-VA0252-VA0223,3_2,ADLCBR,680,525.99,competitor,20180823,ADLCBR,FALSE,12,66,9,48
384,33294,QF0676-QF2130-VA0252-VA0229,3_2,ADLCBR,830,525.99,competitor,20180823,ADLCBR,FALSE,12,94,9,71
385,33295,QF0676-QF2130-VA0252-VA0233,3_2,ADLCBR,950,525.99,competitor,20180823,ADLCBR,FALSE,12,115,9,90
386,33296,QF0676-QF2130-VA0252-VA0239,3_2,ADLCBR,1010,525.99,competitor,20180823,ADLCBR,FALSE,12,124,9,99
387,33297,QF0676-QF2130-VA0252-VA0243,3_2,ADLCBR,1100,525.99,competitor,20180823,ADLCBR,FALSE,12,136,9,110
388,33298,QF0676-QF2130-VA0256-VA0223,3_2,ADLCBR,535,525.99,competitor,20180823,ADLCBR,FALSE,12,39,9,26
389,33299,QF0676-QF2130-VA0256-VA0229,3_2,ADLCBR,685,525.99,competitor,20180823,ADLCBR,FALSE,12,67,9,49
390,33300,QF0676-QF2130-VA0256-VA0233,3_2,ADLCBR,805,525.99,competitor,20180823,ADLCBR,FALSE,12,90,9,67
391,33301,QF0676-QF2130-VA0256-VA0239,3_2,ADLCBR,865,525.99,competitor,20180823,ADLCBR,FALSE,12,99,9,75
392,33302,QF0676-QF2130-VA0256-VA0243,3_2,ADLCBR,955,525.99,competitor,20180823,ADLCBR,FALSE,12,116,9,91
393,33303,QF0676-QF2130-VA0274-VA0239,3_2,ADLCBR,490,525.99,competitor,20180823,ADLCBR,FALSE,12,30,9,19
394,33304,QF0676-QF2130-VA0274-VA0243,3_2,ADLCBR,580,525.99,competitor,20180823,ADLCBR,FALSE,12,48,9,33
395,33305,QF0678-QF2130-VA0252-VA0213,3_2,ADLCBR,375,525.99,competitor,20180823,ADLCBR,FALSE,12,10,9,5
396,33306,QF0678-QF2130-VA0252-VA0219,3_2,ADLCBR,495,525.99,competitor,20180823,ADLCBR,FALSE,12,31,9,20
397,33307,QF0678-QF2130-VA0252-VA0223,3_2,ADLCBR,615,525.99,competitor,20180823,ADLCBR,FALSE,12,55,9,38
398,33308,QF0678-QF2130-VA0252-VA0229,3_2,ADLCBR,765,525.99,competitor,20180823,ADLCBR,FALSE,12,83,9,61
399,33309,QF0678-QF2130-VA0252-VA0233,3_2,ADLCBR,885,525.99,competitor,20180823,ADLCBR,FALSE,12,103,9,78
400,33310,QF0678-QF2130-VA0252-VA0239,3_2,ADLCBR,945,525.99,competitor,20180823,ADLCBR,FALSE,12,114,9,89
401,33311,QF0678-QF2130-VA0252-VA0243,3_2,ADLCBR,1035,525.99,competitor,20180823,ADLCBR,FALSE,12,128,9,103
402,33312,QF0678-QF2130-VA0256-VA0223,3_2,ADLCBR,470,525.99,competitor,20180823,ADLCBR,FALSE,12,26,9,15
403,33313,QF0678-QF2130-VA0256-VA0229,3_2,ADLCBR,620,525.99,competitor,20180823,ADLCBR,FALSE,12,56,9,39
