ID,search_date,ond,ap_los,provider,itinerary,fare_sabre,fare_competitor,fare_difference,travel_time_sabre,travel_time_competitor,price_rank_abs_sabre,price_rank_abs_competitor,time_rank_sabre,time_rank_competitor,time_rank_abs_sabre,time_rank_abs_competitor,travel_time_sabre,travel_time_competitor
0,20180823.020180823.0,ADLCBR,3_23_2,sabre_competitor,VA0204-VA0259-VA0581,487.67,487.99,-0.000656181,290,290,1,2,2,1,2,2,290,290
1,20180823.020180823.0,ADLCBR,3_23_2,sabre_competitor,VA0204-VA0271-VA0581,487.67,487.99,-0.000656181,575,575,1,2,42,32,47,47,575,575
2,20180823.020180823.0,ADLCBR,3_23_2,sabre_competitor,VA0204-VA0271-VA0641-VA0422,503.98,503.99,-1.98E-05,765,765,3,4,74,61,83,83,765,765
3,20180823.020180823.0,ADLCBR,3_23_2,sabre_competitor,VA0204-VA0259-VA0645-VA0444,503.98,503.99,-1.98E-05,770,770,3,4,75,62,84,84,770,770
4,20180823.020180823.0,ADLCBR,3_23_2,sabre_competitor,VA0204-VA0271-VA0641-VA0436,503.98,503.99,-1.98E-05,1085,1085,3,4,107,108,134,134,1085,1085
5,20180823.020180823.0,ADLCBR,3_23_2,sabre_competitor,VA0204-VA0271-VA0641-VA0428,503.98,503.99,-1.98E-05,960,960,3,4,98,92,117,117,960,960
6,20180823.020180823.0,ADLCBR,3_23_2,sabre_competitor,VA0204-VA0259-VA0645-VA0436,503.98,503.99,-1.98E-05,650,650,3,4,55,43,61,61,650,650
7,20180823.020180823.0,ADLCBR,3_23_2,sabre_competitor,VA0204-VA0271-VA0625-VA0412,503.98,503.99,-1.98E-05,755,755,3,4,72,59,81,81,755,755
8,20180823.020180823.0,ADLCBR,3_23_2,sabre_competitor,VA0204-VA0259-VA0651-VA0428,503.98,503.99,-1.98E-05,405,405,3,4,14,7,15,15,405,405
9,20180823.020180823.0,ADLCBR,3_23_2,sabre_competitor,VA0204-VA0259-VA0651-VA0444,503.98,503.99,-1.98E-05,650,650,3,4,55,43,61,61,650,650
10,20180823.020180823.0,ADLCBR,3_23_2,sabre_competitor,VA0204-VA0259-VA0657-VA0436,503.98,503.99,-1.98E-05,440,440,3,4,18,11,21,21,440,440
11,20180823.020180823.0,ADLCBR,3_23_2,sabre_competitor,VA0204-VA0259-VA0657-VA0444,503.98,503.99,-1.98E-05,560,560,3,4,39,29,44,44,560,560
12,20180823.020180823.0,ADLCBR,3_23_2,sabre_competitor,VA0204-VA0271-VA0645-VA0428,503.98,503.99,-1.98E-05,810,810,3,4,81,68,91,91,810,810
13,20180823.020180823.0,ADLCBR,3_23_2,sabre_competitor,VA0204-VA0271-VA0641-VA0444,503.98,503.99,-1.98E-05,1205,1205,3,4,110,117,143,143,1205,1205
14,20180823.020180823.0,ADLCBR,3_23_2,sabre_competitor,VA0204-VA0271-VA0657-VA0436,503.98,503.99,-1.98E-05,725,725,3,4,67,54,75,75,725,725
15,20180823.020180823.0,ADLCBR,3_23_2,sabre_competitor,VA0204-VA0271-VA0657-VA0444,503.98,503.99,-1.98E-05,845,845,3,4,85,73,96,96,845,845
16,20180823.020180823.0,ADLCBR,3_23_2,sabre_competitor,VA0204-VA0259-VA0645-VA0428,503.98,503.99,-1.98E-05,525,525,3,4,33,24,37,37,525,525
17,20180823.020180823.0,ADLCBR,3_23_2,sabre_competitor,VA0204-VA0259-VA0641-VA0444,503.98,503.99,-1.98E-05,920,920,3,4,95,85,110,110,920,920
18,20180823.020180823.0,ADLCBR,3_23_2,sabre_competitor,VA0204-VA0259-VA0641-VA0436,503.98,503.99,-1.98E-05,800,800,3,4,80,66,89,89,800,800
19,20180823.020180823.0,ADLCBR,3_23_2,sabre_competitor,VA0204-VA0271-VA0645-VA0444,503.98,503.99,-1.98E-05,1055,1055,3,4,104,105,131,131,1055,1055
20,20180823.020180823.0,ADLCBR,3_23_2,sabre_competitor,VA0204-VA0259-VA0641-VA0428,503.98,503.99,-1.98E-05,675,675,3,4,58,47,65,65,675,675
21,20180823.020180823.0,ADLCBR,3_23_2,sabre_competitor,VA0204-VA0259-VA0641-VA0422,503.98,503.99,-1.98E-05,480,480,3,4,24,17,28,28,480,480
22,20180823.020180823.0,ADLCBR,3_23_2,sabre_competitor,VA0204-VA0259-VA0625-VA0412,503.98,503.99,-1.98E-05,470,470,3,4,22,15,26,26,470,470
23,20180823.020180823.0,ADLCBR,3_23_2,sabre_competitor,VA0204-VA0271-VA0651-VA0428,503.98,503.99,-1.98E-05,690,690,3,4,61,50,68,68,690,690
24,20180823.020180823.0,ADLCBR,3_23_2,sabre_competitor,VA0204-VA0271-VA0645-VA0436,503.98,503.99,-1.98E-05,935,935,3,4,96,87,112,112,935,935
25,20180823.020180823.0,ADLCBR,3_23_2,sabre_competitor,VA0204-VA0271-VA0651-VA0444,503.98,503.99,-1.98E-05,935,935,3,4,96,87,112,112,935,935
26,20180823.020180823.0,ADLCBR,3_23_2,sabre_competitor,VA0204-VA0259-VA0256-VA0239,505.34,505.99,-0.001286263,795,795,5,6,79,65,88,88,795,795
27,20180823.020180823.0,ADLCBR,3_23_2,sabre_competitor,VA0204-VA0259-VA0252-VA0219,505.34,505.99,-0.001286263,490,490,5,6,26,19,30,30,490,490
28,20180823.020180823.0,ADLCBR,3_23_2,sabre_competitor,VA0204-VA0271-VA0252-VA0239,505.34,505.99,-0.001286263,1225,1225,5,6,111,118,144,144,1225,1225
29,20180823.020180823.0,ADLCBR,3_23_2,sabre_competitor,VA0204-VA0271-VA0252-VA0233,505.34,505.99,-0.001286263,1165,1165,5,6,108,114,140,140,1165,1165
30,20180823.020180823.0,ADLCBR,3_23_2,sabre_competitor,VA0204-VA0271-VA0252-VA0229,505.34,505.99,-0.001286263,1045,1045,5,6,103,104,130,130,1045,1045
31,20180823.020180823.0,ADLCBR,3_23_2,sabre_competitor,VA0204-VA0271-VA0252-VA0243,505.34,505.99,-0.001286263,1315,1315,5,6,112,125,151,151,1315,1315
32,20180823.020180823.0,ADLCBR,3_23_2,sabre_competitor,VA0204-VA0271-VA0252-VA0223,505.34,505.99,-0.001286263,895,895,5,6,91,80,105,105,895,895
33,20180823.020180823.0,ADLCBR,3_23_2,sabre_competitor,VA0204-VA0271-VA0252-VA0219,505.34,505.99,-0.001286263,775,775,5,6,76,63,85,85,775,775
34,20180823.020180823.0,ADLCBR,3_23_2,sabre_competitor,VA0204-VA0271-VA0252-VA0213,505.34,505.99,-0.001286263,655,655,5,6,56,44,62,62,655,655
35,20180823.020180823.0,ADLCBR,3_23_2,sabre_competitor,VA0204-VA0259-VA0274-VA0239,505.34,505.99,-0.001286263,420,420,5,6,16,9,18,18,420,420
36,20180823.020180823.0,ADLCBR,3_23_2,sabre_competitor,VA0204-VA0259-VA0262-VA0229,505.34,505.99,-0.001286263,505,505,5,6,29,21,33,33,505,505
37,20180823.020180823.0,ADLCBR,3_23_2,sabre_competitor,VA0204-VA0259-VA0262-VA0233,505.34,505.99,-0.001286263,625,625,5,6,51,40,57,57,625,625
38,20180823.020180823.0,ADLCBR,3_23_2,sabre_competitor,VA0204-VA0259-VA0262-VA0239,505.34,505.99,-0.001286263,685,685,5,6,60,49,67,67,685,685
39,20180823.020180823.0,ADLCBR,3_23_2,sabre_competitor,VA0204-VA0259-VA0262-VA0243,505.34,505.99,-0.001286263,775,775,5,6,76,63,85,85,775,775
40,20180823.020180823.0,ADLCBR,3_23_2,sabre_competitor,VA0204-VA0259-VA0274-VA0243,505.34,505.99,-0.001286263,510,510,5,6,30,22,34,34,510,510
41,20180823.020180823.0,ADLCBR,3_23_2,sabre_competitor,VA0204-VA0271-VA0256-VA0229,505.34,505.99,-0.001286263,900,900,5,6,92,81,106,106,900,900
42,20180823.020180823.0,ADLCBR,3_23_2,sabre_competitor,VA0204-VA0259-VA0252-VA0213,505.34,505.99,-0.001286263,370,370,5,6,9,4,9,9,370,370
43,20180823.020180823.0,ADLCBR,3_23_2,sabre_competitor,VA0204-VA0259-VA0256-VA0243,505.34,505.99,-0.001286263,885,885,5,6,90,78,103,103,885,885
44,20180823.020180823.0,ADLCBR,3_23_2,sabre_competitor,VA0204-VA0271-VA0256-VA0239,505.34,505.99,-0.001286263,1080,1080,5,6,106,107,133,133,1080,1080
45,20180823.020180823.0,ADLCBR,3_23_2,sabre_competitor,VA0204-VA0271-VA0256-VA0243,505.34,505.99,-0.001286263,1170,1170,5,6,109,115,141,141,1170,1170
46,20180823.020180823.0,ADLCBR,3_23_2,sabre_competitor,VA0204-VA0271-VA0274-VA0243,505.34,505.99,-0.001286263,795,795,5,6,79,65,88,88,795,795
47,20180823.020180823.0,ADLCBR,3_23_2,sabre_competitor,VA0204-VA0259-VA0252-VA0229,505.34,505.99,-0.001286263,760,760,5,6,73,60,82,82,760,760
48,20180823.020180823.0,ADLCBR,3_23_2,sabre_competitor,VA0204-VA0259-VA0252-VA0233,505.34,505.99,-0.001286263,880,880,5,6,89,77,102,102,880,880
49,20180823.020180823.0,ADLCBR,3_23_2,sabre_competitor,VA0204-VA0259-VA0252-VA0239,505.34,505.99,-0.001286263,940,940,5,6,97,88,113,113,940,940
50,20180823.020180823.0,ADLCBR,3_23_2,sabre_competitor,VA0204-VA0259-VA0252-VA0243,505.34,505.99,-0.001286263,1030,1030,5,6,101,102,127,127,1030,1030
51,20180823.020180823.0,ADLCBR,3_23_2,sabre_competitor,VA0204-VA0259-VA0256-VA0223,505.34,505.99,-0.001286263,465,465,5,6,21,14,25,25,465,465
52,20180823.020180823.0,ADLCBR,3_23_2,sabre_competitor,VA0204-VA0259-VA0256-VA0229,505.34,505.99,-0.001286263,615,615,5,6,50,38,55,55,615,615
53,20180823.020180823.0,ADLCBR,3_23_2,sabre_competitor,VA0204-VA0259-VA0252-VA0223,505.34,505.99,-0.001286263,610,610,5,6,49,37,54,54,610,610
54,20180823.020180823.0,ADLCBR,3_23_2,sabre_competitor,VA0204-VA0259-VA0256-VA0233,505.34,505.99,-0.001286263,735,735,5,6,69,55,77,77,735,735
55,20180823.020180823.0,ADLCBR,3_23_2,sabre_competitor,VA0204-VA0271-VA0274-VA0239,505.34,505.99,-0.001286263,705,705,5,6,64,52,71,71,705,705
56,20180823.020180823.0,ADLCBR,3_23_2,sabre_competitor,VA0204-VA0271-VA0262-VA0243,505.34,505.99,-0.001286263,1060,1060,5,6,105,106,132,132,1060,1060
57,20180823.020180823.0,ADLCBR,3_23_2,sabre_competitor,VA0204-VA0271-VA0262-VA0239,505.34,505.99,-0.001286263,970,970,5,6,99,94,119,119,970,970
58,20180823.020180823.0,ADLCBR,3_23_2,sabre_competitor,VA0204-VA0271-VA0262-VA0233,505.34,505.99,-0.001286263,910,910,5,6,93,83,108,108,910,910
59,20180823.020180823.0,ADLCBR,3_23_2,sabre_competitor,VA0204-VA0271-VA0256-VA0223,505.34,505.99,-0.001286263,750,750,5,6,71,58,80,80,750,750
60,20180823.020180823.0,ADLCBR,3_23_2,sabre_competitor,VA0204-VA0271-VA0262-VA0229,505.34,505.99,-0.001286263,790,790,5,6,78,64,87,87,790,790
61,20180823.020180823.0,ADLCBR,3_23_2,sabre_competitor,VA0204-VA0271-VA0256-VA0233,505.34,505.99,-0.001286263,1020,1020,5,6,100,101,126,126,1020,1020
62,20180823,ADLCBR,3_2,sabre_nan,QF0676-QF2130-QF0713,528.7,,,360,,13,,7,,7,,360,
63,20180823,ADLCBR,3_2,sabre_nan,QF0678-QF2130-QF0713,528.7,,,295,,13,,3,,3,,295,
64,20180823,ADLCBR,3_2,sabre_nan,QF0674-QF2130-QF0713,528.7,,,505,,13,,29,,33,,505,
65,20180823,ADLCBR,3_2,sabre_nan,VA0204-VA0271-VA0633-VA0444,533.97,,,1325,,14,,113,,152,,1325,
66,20180823,ADLCBR,3_2,sabre_nan,VA0204-VA0271-VA0625-VA0444,533.97,,,1450,,14,,114,,157,,1450,
67,20180823.020180823.0,ADLCBR,3_23_2,sabre_competitor,VA0204-VA0259-VA0651-VA0436,533.97,503.99,0.056145476,530,530,14,4,34,25,38,38,530,530
68,20180823,ADLCBR,3_2,sabre_nan,VA0204-VA0259-VA0633-VA0444,533.97,,,1040,,14,,102,,129,,1040,
69,20180823,ADLCBR,3_2,sabre_nan,VA0204-VA0259-VA0625-VA0444,533.97,,,1165,,14,,108,,140,,1165,
70,20180823.020180823.0,ADLCBR,3_23_2,sabre_competitor,VA0204-VA0271-VA0651-VA0436,533.97,503.99,0.056145476,815,815,14,4,82,69,92,92,815,815
71,20180823,ADLCBR,3_2,sabre_nan,QF0730-QF1475-QF0713,538.03,,,595,,15,,46,,51,,595,
72,20180823,ADLCBR,3_2,sabre_nan,QF0740-QF1475-QF0713,538.03,,,480,,15,,24,,28,,480,
73,20180823,ADLCBR,3_2,sabre_nan,QF0738-QF1475-QF0713,538.03,,,400,,15,,13,,14,,400,
74,20180823,ADLCBR,3_2,sabre_nan,QF0676-QF2130-QF0811-QF0683,545.71,,,445,,16,,19,,22,,445,
75,20180823,ADLCBR,3_2,sabre_nan,QF0674-QF2130-QF0855-QF0693,545.71,,,735,,16,,69,,77,,735,
76,20180823,ADLCBR,3_2,sabre_nan,QF0674-QF2130-QF0855-QF0691,545.71,,,675,,16,,58,,65,,675,
77,20180823,ADLCBR,3_2,sabre_nan,QF0674-QF2130-QF0853-QF0691,545.71,,,755,,16,,72,,81,,755,
78,20180823,ADLCBR,3_2,sabre_nan,QF0674-QF2130-QF0811-QF0683,545.71,,,590,,16,,45,,50,,590,
79,20180823,ADLCBR,3_2,sabre_nan,QF0674-QF2130-QF0809-QF0683,545.71,,,650,,16,,55,,61,,650,
80,20180823,ADLCBR,3_2,sabre_nan,QF0674-QF2130-QF2131-QF0691,545.71,,,785,,16,,77,,86,,785,
81,20180823,ADLCBR,3_2,sabre_nan,QF0678-QF2130-QF0855-QF0691,545.71,,,465,,16,,21,,25,,465,
82,20180823,ADLCBR,3_2,sabre_nan,QF0676-QF2130-QF0809-QF0683,545.71,,,505,,16,,29,,33,,505,
83,20180823,ADLCBR,3_2,sabre_nan,QF0676-QF2130-QF0853-QF0691,545.71,,,610,,16,,49,,54,,610,
84,20180823,ADLCBR,3_2,sabre_nan,QF0676-QF2130-QF2131-QF0691,545.71,,,640,,16,,54,,60,,640,
85,20180823,ADLCBR,3_2,sabre_nan,QF0678-QF2130-QF0855-QF0693,545.71,,,525,,16,,33,,37,,525,
86,20180823,ADLCBR,3_2,sabre_nan,QF0678-QF2130-QF0853-QF0691,545.71,,,545,,16,,36,,41,,545,
87,20180823,ADLCBR,3_2,sabre_nan,QF0678-QF2130-QF0811-QF0683,545.71,,,380,,16,,10,,11,,380,
88,20180823,ADLCBR,3_2,sabre_nan,QF0678-QF2130-QF0809-QF0683,545.71,,,440,,16,,18,,21,,440,
89,20180823,ADLCBR,3_2,sabre_nan,QF0678-QF2130-QF2131-QF0691,545.71,,,575,,16,,42,,47,,575,
90,20180823,ADLCBR,3_2,sabre_nan,QF0676-QF2130-QF0855-QF0693,545.71,,,590,,16,,45,,50,,590,
91,20180823,ADLCBR,3_2,sabre_nan,QF0676-QF2130-QF0855-QF0691,545.71,,,530,,16,,34,,38,,530,
92,20180823,ADLCBR,3_2,sabre_nan,QF0730-QF1475-QF0809-QF0683,555.04,,,740,,17,,70,,78,,740,
93,20180823,ADLCBR,3_2,sabre_nan,QF0674-QF2130-QF1462-QF1557,555.04,,,710,,17,,65,,72,,710,
94,20180823,ADLCBR,3_2,sabre_nan,QF0738-QF1475-QF0809-QF0683,555.04,,,545,,17,,36,,41,,545,
95,20180823,ADLCBR,3_2,sabre_nan,QF0738-QF1475-QF0811-QF0683,555.04,,,485,,17,,25,,29,,485,
96,20180823,ADLCBR,3_2,sabre_nan,QF0738-QF1475-QF0855-QF0691,555.04,,,570,,17,,41,,46,,570,
97,20180823,ADLCBR,3_2,sabre_nan,QF0738-QF1475-QF0855-QF0693,555.04,,,630,,17,,52,,58,,630,
98,20180823,ADLCBR,3_2,sabre_nan,QF0740-QF1475-QF2131-QF0691,555.04,,,760,,17,,73,,82,,760,
99,20180823,ADLCBR,3_2,sabre_nan,QF0676-QF2130-QF0872-QF1557,555.04,,,595,,17,,46,,51,,595,
100,20180823,ADLCBR,3_2,sabre_nan,QF0740-QF1475-QF0809-QF0683,555.04,,,625,,17,,51,,57,,625,
101,20180823,ADLCBR,3_2,sabre_nan,QF0740-QF1475-QF0853-QF0691,555.04,,,730,,17,,68,,76,,730,
102,20180823,ADLCBR,3_2,sabre_nan,QF0740-QF1475-QF0855-QF0691,555.04,,,650,,17,,55,,61,,650,
103,20180823,ADLCBR,3_2,sabre_nan,QF0740-QF1475-QF0855-QF0693,555.04,,,710,,17,,65,,72,,710,
104,20180823,ADLCBR,3_2,sabre_nan,QF0740-QF1475-QF0855-QF0697,555.04,,,775,,17,,76,,85,,775,
105,20180823,ADLCBR,3_2,sabre_nan,QF0674-QF2130-QF1516-QF0759,555.04,,,760,,17,,73,,82,,760,
106,20180823,ADLCBR,3_2,sabre_nan,QF0730-QF1475-QF0855-QF0693,555.04,,,825,,17,,83,,93,,825,
107,20180823,ADLCBR,3_2,sabre_nan,QF0730-QF1475-QF0855-QF0691,555.04,,,765,,17,,74,,83,,765,
108,20180823,ADLCBR,3_2,sabre_nan,QF0740-QF1475-QF0811-QF0683,555.04,,,565,,17,,40,,45,,565,
109,20180823,ADLCBR,3_2,sabre_nan,QF0678-QF2130-QF1462-QF1557,555.04,,,500,,17,,28,,32,,500,
110,20180823,ADLCBR,3_2,sabre_nan,QF0730-QF1475-QF0811-QF0683,555.04,,,680,,17,,59,,66,,680,
111,20180823,ADLCBR,3_2,sabre_nan,QF0676-QF2130-QF1462-QF1557,555.04,,,565,,17,,40,,45,,565,
112,20180823,ADLCBR,3_2,sabre_nan,QF0674-QF2130-QF1422-QF0759,555.04,,,675,,17,,58,,65,,675,
113,20180823,ADLCBR,3_2,sabre_nan,QF0678-QF2130-QF1422-QF0759,555.04,,,465,,17,,21,,25,,465,
114,20180823,ADLCBR,3_2,sabre_nan,QF0676-QF2130-QF0872-QF0759,555.04,,,730,,17,,68,,76,,730,
115,20180823,ADLCBR,3_2,sabre_nan,QF0674-QF2130-QF1516-QF1557,555.04,,,625,,17,,51,,57,,625,
116,20180823,ADLCBR,3_2,sabre_nan,QF0730-QF1475-QF0853-QF0691,555.04,,,845,,17,,85,,96,,845,
117,20180823,ADLCBR,3_2,sabre_nan,QF0674-QF2130-QF0872-QF1557,555.04,,,740,,17,,70,,78,,740,
118,20180823,ADLCBR,3_2,sabre_nan,QF0730-QF1475-QF2131-QF0691,555.04,,,875,,17,,88,,101,,875,
119,20180823,ADLCBR,3_2,sabre_nan,QF0678-QF2130-QF0872-QF1557,555.04,,,530,,17,,34,,38,,530,
120,20180823,ADLCBR,3_2,sabre_nan,QF0678-QF2130-QF0872-QF0759,555.04,,,665,,17,,57,,64,,665,
121,20180823,ADLCBR,3_2,sabre_nan,QF0676-QF2130-QF1516-QF0759,555.04,,,615,,17,,50,,55,,615,
122,20180823,ADLCBR,3_2,sabre_nan,QF0676-QF2130-QF1516-QF1557,555.04,,,480,,17,,24,,28,,480,
123,20180823,ADLCBR,3_2,sabre_nan,QF0678-QF2130-QF1516-QF1557,555.04,,,415,,17,,15,,17,,415,
124,20180823,ADLCBR,3_2,sabre_nan,QF0678-QF2130-QF1516-QF0759,555.04,,,550,,17,,37,,42,,550,
125,20180823,ADLCBR,3_2,sabre_nan,QF0676-QF2130-QF1422-QF0759,555.04,,,530,,17,,34,,38,,530,
126,20180823,ADLCBR,3_2,sabre_nan,VA0214-VA0271-VA0581,557.67,,,365,,18,,8,,8,,365,
127,20180823,ADLCBR,3_2,sabre_nan,VA0204-VA0277-VA0581,557.67,,,695,,18,,62,,69,,695,
128,20180823,ADLCBR,3_2,sabre_nan,QF0730-QF1475-QF0872-QF1557,564.37,,,830,,19,,84,,94,,830,
129,20180823,ADLCBR,3_2,sabre_nan,QF0730-QF1475-QF1422-QF0759,564.37,,,765,,19,,74,,83,,765,
130,20180823,ADLCBR,3_2,sabre_nan,QF0730-QF1475-QF1462-QF1557,564.37,,,800,,19,,80,,89,,800,
131,20180823,ADLCBR,3_2,sabre_nan,QF0740-QF1475-QF0872-QF1557,564.37,,,715,,19,,66,,73,,715,
132,20180823,ADLCBR,3_2,sabre_nan,QF0730-QF1475-QF1516-QF1557,564.37,,,715,,19,,66,,73,,715,
133,20180823,ADLCBR,3_2,sabre_nan,QF0730-QF1475-QF1516-QF0759,564.37,,,850,,19,,86,,97,,850,
134,20180823,ADLCBR,3_2,sabre_nan,QF0738-QF1475-QF1516-QF1557,564.37,,,520,,19,,32,,36,,520,
135,20180823,ADLCBR,3_2,sabre_nan,QF0738-QF1475-QF1516-QF0759,564.37,,,655,,19,,56,,62,,655,
136,20180823,ADLCBR,3_2,sabre_nan,QF0740-QF1475-QF1516-QF0759,564.37,,,735,,19,,69,,77,,735,
137,20180823,ADLCBR,3_2,sabre_nan,QF0740-QF1475-QF1516-QF1557,564.37,,,600,,19,,47,,52,,600,
138,20180823,ADLCBR,3_2,sabre_nan,QF0738-QF1475-QF1422-QF0759,564.37,,,570,,19,,41,,46,,570,
139,20180823,ADLCBR,3_2,sabre_nan,QF0738-QF1475-QF0872-QF1557,564.37,,,635,,19,,53,,59,,635,
140,20180823,ADLCBR,3_2,sabre_nan,QF0740-QF1475-QF1462-QF1557,564.37,,,685,,19,,60,,67,,685,
141,20180823,ADLCBR,3_2,sabre_nan,QF0740-QF1475-QF1422-QF0759,564.37,,,650,,19,,55,,61,,650,
142,20180823,ADLCBR,3_2,sabre_nan,QF0738-QF1475-QF1462-QF1557,564.37,,,605,,19,,48,,53,,605,
143,20180823,ADLCBR,3_2,sabre_nan,VA0204-VA0271-VA0633-VA0422,573.97,,,885,,20,,90,,103,,885,
144,20180823,ADLCBR,3_2,sabre_nan,VA0214-VA0271-VA0657-VA0436,573.97,,,515,,20,,31,,35,,515,
145,20180823,ADLCBR,3_2,sabre_nan,VA0204-VA0259-VA0629-VA0412,573.97,,,405,,20,,14,,15,,405,
146,20180823,ADLCBR,3_2,sabre_nan,VA0204-VA0277-VA0657-VA0436,573.97,,,845,,20,,85,,96,,845,
147,20180823,ADLCBR,3_2,sabre_nan,VA0204-VA0271-VA0629-VA0412,573.97,,,690,,20,,61,,68,,690,
148,20180823,ADLCBR,3_2,sabre_nan,VA0204-VA0277-VA0641-VA0422,573.97,,,885,,20,,90,,103,,885,
149,20180823,ADLCBR,3_2,sabre_nan,VA0204-VA0277-VA0625-VA0412,573.97,,,875,,20,,88,,101,,875,
150,20180823,ADLCBR,3_2,sabre_nan,VA0204-VA0259-VA0633-VA0428,573.97,,,795,,20,,79,,88,,795,
151,20180823,ADLCBR,3_2,sabre_nan,VA0204-VA0259-VA0633-VA0422,573.97,,,600,,20,,47,,52,,600,
152,20180823,ADLCBR,3_2,sabre_nan,VA0204-VA0259-VA0625-VA0422,573.97,,,725,,20,,67,,75,,725,
153,20180823,ADLCBR,3_2,sabre_nan,VA0214-VA0271-VA0651-VA0444,573.97,,,725,,20,,67,,75,,725,
154,20180823,ADLCBR,3_2,sabre_nan,VA0214-VA0271-VA0645-VA0436,573.97,,,725,,20,,67,,75,,725,
155,20180823,ADLCBR,3_2,sabre_nan,VA0214-VA0271-VA0625-VA0412,573.97,,,545,,20,,36,,41,,545,
156,20180823,ADLCBR,3_2,sabre_nan,VA0214-VA0271-VA0641-VA0422,573.97,,,555,,20,,38,,43,,555,
157,20180823,ADLCBR,3_2,sabre_nan,VA0214-VA0271-VA0641-VA0428,573.97,,,750,,20,,71,,80,,750,
158,20180823,ADLCBR,3_2,sabre_nan,VA0214-VA0271-VA0651-VA0428,573.97,,,480,,20,,24,,28,,480,
159,20180823,ADLCBR,3_2,sabre_nan,VA0214-VA0271-VA0645-VA0428,573.97,,,600,,20,,47,,52,,600,
160,20180823,ADLCBR,3_2,sabre_nan,VA0214-VA0271-VA0657-VA0444,573.97,,,635,,20,,53,,59,,635,
161,20180823,ADLCBR,3_2,sabre_nan,VA0214-VA0271-VA0252-VA0223,575.33,,,685,,21,,60,,67,,685,
162,20180823,ADLCBR,3_2,sabre_nan,VA0214-VA0271-VA0256-VA0223,575.33,,,540,,21,,35,,40,,540,
163,20180823,ADLCBR,3_2,sabre_nan,VA0214-VA0271-VA0274-VA0243,575.33,,,585,,21,,44,,49,,585,
164,20180823,ADLCBR,3_2,sabre_nan,VA0214-VA0271-VA0274-VA0239,575.33,,,495,,21,,27,,31,,495,
165,20180823,ADLCBR,3_2,sabre_nan,VA0214-VA0271-VA0262-VA0239,575.33,,,760,,21,,73,,82,,760,
166,20180823,ADLCBR,3_2,sabre_nan,VA0214-VA0271-VA0256-VA0229,575.33,,,690,,21,,61,,68,,690,
167,20180823,ADLCBR,3_2,sabre_nan,VA0214-VA0271-VA0262-VA0233,575.33,,,700,,21,,63,,70,,700,
168,20180823,ADLCBR,3_2,sabre_nan,VA0214-VA0271-VA0262-VA0229,575.33,,,580,,21,,43,,48,,580,
169,20180823,ADLCBR,3_2,sabre_nan,VA0214-VA0271-VA0252-VA0213,575.33,,,445,,21,,19,,22,,445,
170,20180823,ADLCBR,3_2,sabre_nan,VA0204-VA0277-VA0252-VA0219,575.33,,,895,,21,,91,,105,,895,
171,20180823,ADLCBR,3_2,sabre_nan,VA0204-VA0277-VA0256-VA0223,575.33,,,870,,21,,87,,100,,870,
172,20180823,ADLCBR,3_2,sabre_nan,VA0204-VA0277-VA0274-VA0239,575.33,,,825,,21,,83,,93,,825,
173,20180823,ADLCBR,3_2,sabre_nan,VA0204-VA0277-VA0274-VA0243,575.33,,,915,,21,,94,,109,,915,
174,20180823,ADLCBR,3_2,sabre_nan,VA0214-VA0271-VA0252-VA0219,575.33,,,565,,21,,40,,45,,565,
175,20180823,ADLCBR,3_2,sabre_nan,VA0204-VA0277-VA0262-VA0229,575.33,,,910,,21,,93,,108,,910,
176,20180823,ADLCBR,3_2,sabre_nan,VA0580-VA0581,580.01,,,205,,22,,1,,1,,205,
177,20180823,ADLCBR,3_2,sabre_nan,QF0678-QF2130-QF1476-QF0743,592.2,,,525,,23,,33,,37,,525,
178,20180823,ADLCBR,3_2,sabre_nan,QF0678-QF2130-QF1466-QF1557,592.2,,,455,,23,,20,,23,,455,
179,20180823,ADLCBR,3_2,sabre_nan,QF0678-QF2130-QF1466-QF0759,592.2,,,590,,23,,45,,50,,590,
180,20180823,ADLCBR,3_2,sabre_nan,QF0678-QF2130-QF1480-QF0765,592.2,,,465,,23,,21,,25,,465,
181,20180823,ADLCBR,3_2,sabre_nan,QF0678-QF2130-QF1476-QF0765,592.2,,,415,,23,,15,,17,,415,
182,20180823,ADLCBR,3_2,sabre_nan,QF0676-QF2130-QF1480-QF0765,592.2,,,530,,23,,34,,38,,530,
183,20180823,ADLCBR,3_2,sabre_nan,QF0676-QF2130-QF1476-QF0743,592.2,,,590,,23,,45,,50,,590,
184,20180823,ADLCBR,3_2,sabre_nan,QF0676-QF2130-QF1466-QF1557,592.2,,,520,,23,,32,,36,,520,
185,20180823,ADLCBR,3_2,sabre_nan,QF0674-QF2130-QF1476-QF0765,592.2,,,625,,23,,51,,57,,625,
186,20180823,ADLCBR,3_2,sabre_nan,QF0674-QF2130-QF1476-QF0743,592.2,,,735,,23,,69,,77,,735,
187,20180823,ADLCBR,3_2,sabre_nan,QF0676-QF2130-QF1476-QF0765,592.2,,,480,,23,,24,,28,,480,
188,20180823,ADLCBR,3_2,sabre_nan,VA0580-VA0645-VA0436,596.31,,,565,,24,,40,,45,,565,
189,20180823,ADLCBR,3_2,sabre_nan,VA0580-VA0625-VA0412,596.31,,,385,,24,,11,,12,,385,
190,20180823,ADLCBR,3_2,sabre_nan,VA0580-VA0641-VA0422,596.31,,,395,,24,,12,,13,,395,
191,20180823,ADLCBR,3_2,sabre_nan,VA0580-VA0651-VA0428,596.31,,,320,,24,,4,,4,,320,
192,20180823,ADLCBR,3_2,sabre_nan,VA0580-VA0651-VA0444,596.31,,,565,,24,,40,,45,,565,
193,20180823,ADLCBR,3_2,sabre_nan,VA0580-VA0657-VA0436,596.31,,,355,,24,,6,,6,,355,
194,20180823,ADLCBR,3_2,sabre_nan,VA0580-VA0657-VA0444,596.31,,,475,,24,,23,,27,,475,
195,20180823,ADLCBR,3_2,sabre_nan,VA0580-VA0645-VA0428,596.31,,,440,,24,,18,,21,,440,
196,20180823,ADLCBR,3_2,sabre_nan,VA0580-VA0256-VA0229,597.67,,,530,,25,,34,,38,,530,
197,20180823,ADLCBR,3_2,sabre_nan,VA0580-VA0274-VA0239,597.67,,,335,,25,,5,,5,,335,
198,20180823,ADLCBR,3_2,sabre_nan,VA0580-VA0262-VA0233,597.67,,,540,,25,,35,,40,,540,
199,20180823,ADLCBR,3_2,sabre_nan,VA0580-VA0274-VA0243,597.67,,,425,,25,,17,,19,,425,
200,20180823,ADLCBR,3_2,sabre_nan,QF0708-QF0713,761.85,,,205,,26,,1,,1,,205,
201,20180823,ADLCBR,3_2,sabre_nan,QF0708-QF0737,898,,,205,,27,,1,,1,,205,
202,20180823,ADLCBR,3_2,nan_competitor,QF0674-QF2130-VA0581,,507.99,,,505,,7,,21,,33,,505
203,20180823,ADLCBR,3_2,nan_competitor,QF0676-QF2130-VA0581,,507.99,,,360,,7,,3,,7,,360
204,20180823,ADLCBR,3_2,nan_competitor,QF0678-QF2130-VA0581,,507.99,,,295,,7,,2,,3,,295
205,20180823,ADLCBR,3_2,nan_competitor,VA0204-VA0259-VA0645-VA0402,,508.99,,,1400,,8,,128,,155,,1400
206,20180823,ADLCBR,3_2,nan_competitor,VA0204-VA0259-VA0651-VA0402,,508.99,,,1280,,8,,121,,147,,1280
207,20180823,ADLCBR,3_2,nan_competitor,VA0204-VA0259-VA0657-VA0402,,508.99,,,1190,,8,,116,,142,,1190
208,20180823,ADLCBR,3_2,nan_competitor,VA0204-VA0259-VA0657-VA0412,,508.99,,,1305,,8,,124,,150,,1305
209,20180823,ADLCBR,3_2,nan_competitor,VA0204-VA0259-VA0669-VA0402,,508.99,,,1010,,8,,99,,124,,1010
210,20180823,ADLCBR,3_2,nan_competitor,VA0204-VA0259-VA0669-VA0412,,508.99,,,1125,,8,,111,,137,,1125
211,20180823,ADLCBR,3_2,nan_competitor,VA0204-VA0259-VA0669-VA0422,,508.99,,,1380,,8,,126,,153,,1380
212,20180823,ADLCBR,3_2,nan_competitor,VA0204-VA0259-VA0651-VA0412,,508.99,,,1395,,8,,127,,154,,1395
213,20180823,ADLCBR,3_2,nan_competitor,VA0204-VA0271-VA0645-VA0402,,508.99,,,1685,,8,,139,,167,,1685
214,20180823,ADLCBR,3_2,nan_competitor,VA0204-VA0271-VA0651-VA0402,,508.99,,,1565,,8,,134,,162,,1565
215,20180823,ADLCBR,3_2,nan_competitor,VA0204-VA0271-VA0657-VA0402,,508.99,,,1475,,8,,130,,158,,1475
216,20180823,ADLCBR,3_2,nan_competitor,VA0204-VA0271-VA0657-VA0412,,508.99,,,1590,,8,,136,,164,,1590
217,20180823,ADLCBR,3_2,nan_competitor,VA0204-VA0271-VA0669-VA0402,,508.99,,,1295,,8,,123,,149,,1295
218,20180823,ADLCBR,3_2,nan_competitor,VA0204-VA0271-VA0669-VA0412,,508.99,,,1410,,8,,129,,156,,1410
219,20180823,ADLCBR,3_2,nan_competitor,VA0204-VA0271-VA0669-VA0422,,508.99,,,1665,,8,,137,,165,,1665
220,20180823,ADLCBR,3_2,nan_competitor,VA0204-VA0271-VA0651-VA0412,,508.99,,,1680,,8,,138,,166,,1680
221,20180823,ADLCBR,3_2,nan_competitor,VA0204-VA0259-QF0713,,508.99,,,290,,8,,1,,2,,290
222,20180823,ADLCBR,3_2,nan_competitor,VA0204-VA0271-QF0713,,508.99,,,575,,8,,32,,47,,575
223,20180823,ADLCBR,3_2,nan_competitor,VA0204-VA0259-VA0274-VA0211,,511.99,,,1230,,9,,119,,145,,1230
224,20180823,ADLCBR,3_2,nan_competitor,VA0204-VA0259-VA0274-VA0213,,511.99,,,1290,,9,,122,,148,,1290
225,20180823,ADLCBR,3_2,nan_competitor,VA0204-VA0259-VA0274-VA0219,,511.99,,,1410,,9,,129,,156,,1410
226,20180823,ADLCBR,3_2,nan_competitor,VA0204-VA0259-VA0274-VA0223,,511.99,,,1530,,9,,133,,161,,1530
227,20180823,ADLCBR,3_2,nan_competitor,VA0204-VA0259-VA0262-VA0211,,511.99,,,1495,,9,,131,,159,,1495
228,20180823,ADLCBR,3_2,nan_competitor,VA0204-VA0271-VA0274-VA0211,,511.99,,,1515,,9,,132,,160,,1515
229,20180823,ADLCBR,3_2,nan_competitor,VA0204-VA0271-VA0274-VA0213,,511.99,,,1575,,9,,135,,163,,1575
230,20180823,ADLCBR,3_2,nan_competitor,VA0204-VA0271-VA0274-VA0219,,511.99,,,1695,,9,,140,,168,,1695
231,20180823,ADLCBR,3_2,nan_competitor,VA0204-VA0271-VA0274-VA0223,,511.99,,,1815,,9,,142,,170,,1815
232,20180823,ADLCBR,3_2,nan_competitor,VA0204-VA0271-VA0262-VA0211,,511.99,,,1780,,9,,141,,169,,1780
233,20180823,ADLCBR,3_2,nan_competitor,QF0730-QF1475-VA0581,,517.99,,,595,,10,,35,,51,,595
234,20180823,ADLCBR,3_2,nan_competitor,QF0740-QF1475-VA0581,,517.99,,,480,,10,,17,,28,,480
235,20180823,ADLCBR,3_2,nan_competitor,QF0738-QF1475-VA0581,,517.99,,,400,,10,,6,,14,,400
236,20180823,ADLCBR,3_2,nan_competitor,QF0674-QF2130-VA0625-VA0412,,524.99,,,685,,11,,49,,67,,685
237,20180823,ADLCBR,3_2,nan_competitor,QF0674-QF2130-VA0641-VA0428,,524.99,,,890,,11,,79,,104,,890
238,20180823,ADLCBR,3_2,nan_competitor,QF0674-QF2130-VA0641-VA0444,,524.99,,,1135,,11,,112,,138,,1135
239,20180823,ADLCBR,3_2,nan_competitor,QF0674-QF2130-VA0645-VA0428,,524.99,,,740,,11,,56,,78,,740
240,20180823,ADLCBR,3_2,nan_competitor,QF0674-QF2130-VA0645-VA0436,,524.99,,,865,,11,,75,,99,,865
241,20180823,ADLCBR,3_2,nan_competitor,QF0674-QF2130-VA0645-VA0444,,524.99,,,985,,11,,97,,122,,985
242,20180823,ADLCBR,3_2,nan_competitor,QF0674-QF2130-VA0651-VA0428,,524.99,,,620,,11,,39,,56,,620
243,20180823,ADLCBR,3_2,nan_competitor,QF0674-QF2130-VA0651-VA0436,,524.99,,,745,,11,,57,,79,,745
244,20180823,ADLCBR,3_2,nan_competitor,QF0674-QF2130-VA0651-VA0444,,524.99,,,865,,11,,75,,99,,865
245,20180823,ADLCBR,3_2,nan_competitor,QF0674-QF2130-VA0657-VA0444,,524.99,,,775,,11,,63,,85,,775
246,20180823,ADLCBR,3_2,nan_competitor,QF0676-QF2130-VA0625-VA0412,,524.99,,,540,,11,,27,,40,,540
247,20180823,ADLCBR,3_2,nan_competitor,QF0676-QF2130-VA0641-VA0428,,524.99,,,745,,11,,57,,79,,745
248,20180823,ADLCBR,3_2,nan_competitor,QF0676-QF2130-VA0641-VA0444,,524.99,,,990,,11,,98,,123,,990
249,20180823,ADLCBR,3_2,nan_competitor,QF0676-QF2130-VA0645-VA0428,,524.99,,,595,,11,,35,,51,,595
250,20180823,ADLCBR,3_2,nan_competitor,QF0676-QF2130-VA0645-VA0436,,524.99,,,720,,11,,53,,74,,720
251,20180823,ADLCBR,3_2,nan_competitor,QF0676-QF2130-VA0645-VA0444,,524.99,,,840,,11,,72,,95,,840
252,20180823,ADLCBR,3_2,nan_competitor,QF0676-QF2130-VA0651-VA0428,,524.99,,,475,,11,,16,,27,,475
253,20180823,ADLCBR,3_2,nan_competitor,QF0676-QF2130-VA0651-VA0436,,524.99,,,600,,11,,36,,52,,600
254,20180823,ADLCBR,3_2,nan_competitor,QF0676-QF2130-VA0651-VA0444,,524.99,,,720,,11,,53,,74,,720
255,20180823,ADLCBR,3_2,nan_competitor,QF0676-QF2130-VA0657-VA0444,,524.99,,,630,,11,,41,,58,,630
256,20180823,ADLCBR,3_2,nan_competitor,QF0678-QF2130-VA0625-VA0412,,524.99,,,475,,11,,16,,27,,475
257,20180823,ADLCBR,3_2,nan_competitor,QF0678-QF2130-VA0641-VA0428,,524.99,,,680,,11,,48,,66,,680
258,20180823,ADLCBR,3_2,nan_competitor,QF0678-QF2130-VA0641-VA0444,,524.99,,,925,,11,,86,,111,,925
259,20180823,ADLCBR,3_2,nan_competitor,QF0678-QF2130-VA0645-VA0428,,524.99,,,530,,11,,25,,38,,530
260,20180823,ADLCBR,3_2,nan_competitor,QF0678-QF2130-VA0645-VA0436,,524.99,,,655,,11,,44,,62,,655
261,20180823,ADLCBR,3_2,nan_competitor,QF0678-QF2130-VA0645-VA0444,,524.99,,,775,,11,,63,,85,,775
262,20180823,ADLCBR,3_2,nan_competitor,QF0678-QF2130-VA0651-VA0428,,524.99,,,410,,11,,8,,16,,410
263,20180823,ADLCBR,3_2,nan_competitor,QF0678-QF2130-VA0651-VA0436,,524.99,,,535,,11,,26,,39,,535
264,20180823,ADLCBR,3_2,nan_competitor,QF0678-QF2130-VA0651-VA0444,,524.99,,,655,,11,,44,,62,,655
265,20180823,ADLCBR,3_2,nan_competitor,QF0678-QF2130-VA0657-VA0444,,524.99,,,565,,11,,30,,45,,565
266,20180823,ADLCBR,3_2,nan_competitor,QF0674-QF2130-VA0641-VA0422,,524.99,,,695,,11,,51,,69,,695
267,20180823,ADLCBR,3_2,nan_competitor,QF0674-QF2130-VA0657-VA0436,,524.99,,,655,,11,,44,,62,,655
268,20180823,ADLCBR,3_2,nan_competitor,QF0676-QF2130-VA0641-VA0422,,524.99,,,550,,11,,28,,42,,550
269,20180823,ADLCBR,3_2,nan_competitor,QF0676-QF2130-VA0657-VA0436,,524.99,,,510,,11,,22,,34,,510
270,20180823,ADLCBR,3_2,nan_competitor,QF0678-QF2130-VA0641-VA0422,,524.99,,,485,,11,,18,,29,,485
271,20180823,ADLCBR,3_2,nan_competitor,QF0678-QF2130-VA0657-VA0436,,524.99,,,445,,11,,12,,22,,445
272,20180823,ADLCBR,3_2,nan_competitor,QF0674-QF2130-VA0641-VA0436,,524.99,,,1015,,11,,100,,125,,1015
273,20180823,ADLCBR,3_2,nan_competitor,QF0676-QF2130-VA0641-VA0436,,524.99,,,870,,11,,76,,100,,870
274,20180823,ADLCBR,3_2,nan_competitor,QF0678-QF2130-VA0641-VA0436,,524.99,,,805,,11,,67,,90,,805
275,20180823,ADLCBR,3_2,nan_competitor,VA0204-VA0259-QF0809-QF0683,,525.99,,,435,,12,,10,,20,,435
276,20180823,ADLCBR,3_2,nan_competitor,VA0204-VA0259-QF0809-QF0691,,525.99,,,680,,12,,48,,66,,680
277,20180823,ADLCBR,3_2,nan_competitor,VA0204-VA0259-QF0811-QF0683,,525.99,,,375,,12,,5,,10,,375
278,20180823,ADLCBR,3_2,nan_competitor,VA0204-VA0259-QF0811-QF0691,,525.99,,,620,,12,,39,,56,,620
279,20180823,ADLCBR,3_2,nan_competitor,VA0204-VA0259-QF0811-QF0693,,525.99,,,680,,12,,48,,66,,680
280,20180823,ADLCBR,3_2,nan_competitor,VA0204-VA0259-QF2131-QF0691,,525.99,,,570,,12,,31,,46,,570
281,20180823,ADLCBR,3_2,nan_competitor,VA0204-VA0259-QF2131-QF0693,,525.99,,,630,,12,,41,,58,,630
282,20180823,ADLCBR,3_2,nan_competitor,VA0204-VA0259-QF2131-QF0697,,525.99,,,695,,12,,51,,69,,695
283,20180823,ADLCBR,3_2,nan_competitor,VA0204-VA0259-QF0853-QF0691,,525.99,,,540,,12,,27,,40,,540
284,20180823,ADLCBR,3_2,nan_competitor,VA0204-VA0259-QF0853-QF0693,,525.99,,,600,,12,,36,,52,,600
285,20180823,ADLCBR,3_2,nan_competitor,VA0204-VA0259-QF0853-QF0697,,525.99,,,665,,12,,46,,64,,665
286,20180823,ADLCBR,3_2,nan_competitor,VA0204-VA0259-QF0855-QF0691,,525.99,,,460,,12,,13,,24,,460
287,20180823,ADLCBR,3_2,nan_competitor,VA0204-VA0259-QF0855-QF0693,,525.99,,,520,,12,,23,,36,,520
288,20180823,ADLCBR,3_2,nan_competitor,VA0204-VA0259-QF0855-QF0697,,525.99,,,585,,12,,34,,49,,585
289,20180823,ADLCBR,3_2,nan_competitor,VA0204-VA0271-QF0809-QF0683,,525.99,,,720,,12,,53,,74,,720
290,20180823,ADLCBR,3_2,nan_competitor,VA0204-VA0271-QF0809-QF0691,,525.99,,,965,,12,,93,,118,,965
291,20180823,ADLCBR,3_2,nan_competitor,VA0204-VA0271-QF0811-QF0683,,525.99,,,660,,12,,45,,63,,660
292,20180823,ADLCBR,3_2,nan_competitor,VA0204-VA0271-QF0811-QF0691,,525.99,,,905,,12,,82,,107,,905
293,20180823,ADLCBR,3_2,nan_competitor,VA0204-VA0271-QF0811-QF0693,,525.99,,,965,,12,,93,,118,,965
294,20180823,ADLCBR,3_2,nan_competitor,VA0204-VA0271-QF2131-QF0691,,525.99,,,855,,12,,74,,98,,855
295,20180823,ADLCBR,3_2,nan_competitor,VA0204-VA0271-QF2131-QF0693,,525.99,,,915,,12,,84,,109,,915
296,20180823,ADLCBR,3_2,nan_competitor,VA0204-VA0271-QF2131-QF0697,,525.99,,,980,,12,,96,,121,,980
297,20180823,ADLCBR,3_2,nan_competitor,VA0204-VA0271-QF0853-QF0691,,525.99,,,825,,12,,70,,93,,825
298,20180823,ADLCBR,3_2,nan_competitor,VA0204-VA0271-QF0853-QF0693,,525.99,,,885,,12,,78,,103,,885
299,20180823,ADLCBR,3_2,nan_competitor,VA0204-VA0271-QF0853-QF0697,,525.99,,,950,,12,,90,,115,,950
300,20180823,ADLCBR,3_2,nan_competitor,VA0204-VA0271-QF0855-QF0691,,525.99,,,745,,12,,57,,79,,745
301,20180823,ADLCBR,3_2,nan_competitor,VA0204-VA0271-QF0855-QF0693,,525.99,,,805,,12,,67,,90,,805
302,20180823,ADLCBR,3_2,nan_competitor,VA0204-VA0271-QF0855-QF0697,,525.99,,,870,,12,,76,,100,,870
303,20180823,ADLCBR,3_2,nan_competitor,QF0674-QF2130-VA0252-VA0213,,525.99,,,585,,12,,34,,49,,585
304,20180823,ADLCBR,3_2,nan_competitor,QF0674-QF2130-VA0252-VA0219,,525.99,,,705,,12,,52,,71,,705
305,20180823,ADLCBR,3_2,nan_competitor,QF0674-QF2130-VA0252-VA0223,,525.99,,,825,,12,,70,,93,,825
306,20180823,ADLCBR,3_2,nan_competitor,QF0674-QF2130-VA0252-VA0229,,525.99,,,975,,12,,95,,120,,975
307,20180823,ADLCBR,3_2,nan_competitor,QF0674-QF2130-VA0252-VA0233,,525.99,,,1095,,12,,109,,135,,1095
308,20180823,ADLCBR,3_2,nan_competitor,QF0674-QF2130-VA0252-VA0239,,525.99,,,1155,,12,,113,,139,,1155
309,20180823,ADLCBR,3_2,nan_competitor,QF0674-QF2130-VA0252-VA0243,,525.99,,,1245,,12,,120,,146,,1245
310,20180823,ADLCBR,3_2,nan_competitor,QF0674-QF2130-VA0256-VA0223,,525.99,,,680,,12,,48,,66,,680
311,20180823,ADLCBR,3_2,nan_competitor,QF0674-QF2130-VA0256-VA0229,,525.99,,,830,,12,,71,,94,,830
312,20180823,ADLCBR,3_2,nan_competitor,QF0674-QF2130-VA0256-VA0233,,525.99,,,950,,12,,90,,115,,950
313,20180823,ADLCBR,3_2,nan_competitor,QF0674-QF2130-VA0256-VA0239,,525.99,,,1010,,12,,99,,124,,1010
314,20180823,ADLCBR,3_2,nan_competitor,QF0674-QF2130-VA0256-VA0243,,525.99,,,1100,,12,,110,,136,,1100
315,20180823,ADLCBR,3_2,nan_competitor,QF0674-QF2130-VA0274-VA0239,,525.99,,,635,,12,,42,,59,,635
316,20180823,ADLCBR,3_2,nan_competitor,QF0674-QF2130-VA0274-VA0243,,525.99,,,725,,12,,54,,75,,725
317,20180823,ADLCBR,3_2,nan_competitor,QF0676-QF2130-VA0252-VA0213,,525.99,,,440,,12,,11,,21,,440
318,20180823,ADLCBR,3_2,nan_competitor,QF0676-QF2130-VA0252-VA0219,,525.99,,,560,,12,,29,,44,,560
319,20180823,ADLCBR,3_2,nan_competitor,QF0676-QF2130-VA0252-VA0223,,525.99,,,680,,12,,48,,66,,680
320,20180823,ADLCBR,3_2,nan_competitor,QF0676-QF2130-VA0252-VA0229,,525.99,,,830,,12,,71,,94,,830
321,20180823,ADLCBR,3_2,nan_competitor,QF0676-QF2130-VA0252-VA0233,,525.99,,,950,,12,,90,,115,,950
322,20180823,ADLCBR,3_2,nan_competitor,QF0676-QF2130-VA0252-VA0239,,525.99,,,1010,,12,,99,,124,,1010
323,20180823,ADLCBR,3_2,nan_competitor,QF0676-QF2130-VA0252-VA0243,,525.99,,,1100,,12,,110,,136,,1100
324,20180823,ADLCBR,3_2,nan_competitor,QF0676-QF2130-VA0256-VA0223,,525.99,,,535,,12,,26,,39,,535
325,20180823,ADLCBR,3_2,nan_competitor,QF0676-QF2130-VA0256-VA0229,,525.99,,,685,,12,,49,,67,,685
326,20180823,ADLCBR,3_2,nan_competitor,QF0676-QF2130-VA0256-VA0233,,525.99,,,805,,12,,67,,90,,805
327,20180823,ADLCBR,3_2,nan_competitor,QF0676-QF2130-VA0256-VA0239,,525.99,,,865,,12,,75,,99,,865
328,20180823,ADLCBR,3_2,nan_competitor,QF0676-QF2130-VA0256-VA0243,,525.99,,,955,,12,,91,,116,,955
329,20180823,ADLCBR,3_2,nan_competitor,QF0676-QF2130-VA0274-VA0239,,525.99,,,490,,12,,19,,30,,490
330,20180823,ADLCBR,3_2,nan_competitor,QF0676-QF2130-VA0274-VA0243,,525.99,,,580,,12,,33,,48,,580
331,20180823,ADLCBR,3_2,nan_competitor,QF0678-QF2130-VA0252-VA0213,,525.99,,,375,,12,,5,,10,,375
332,20180823,ADLCBR,3_2,nan_competitor,QF0678-QF2130-VA0252-VA0219,,525.99,,,495,,12,,20,,31,,495
333,20180823,ADLCBR,3_2,nan_competitor,QF0678-QF2130-VA0252-VA0223,,525.99,,,615,,12,,38,,55,,615
334,20180823,ADLCBR,3_2,nan_competitor,QF0678-QF2130-VA0252-VA0229,,525.99,,,765,,12,,61,,83,,765
335,20180823,ADLCBR,3_2,nan_competitor,QF0678-QF2130-VA0252-VA0233,,525.99,,,885,,12,,78,,103,,885
336,20180823,ADLCBR,3_2,nan_competitor,QF0678-QF2130-VA0252-VA0239,,525.99,,,945,,12,,89,,114,,945
337,20180823,ADLCBR,3_2,nan_competitor,QF0678-QF2130-VA0252-VA0243,,525.99,,,1035,,12,,103,,128,,1035
338,20180823,ADLCBR,3_2,nan_competitor,QF0678-QF2130-VA0256-VA0223,,525.99,,,470,,12,,15,,26,,470
339,20180823,ADLCBR,3_2,nan_competitor,QF0678-QF2130-VA0256-VA0229,,525.99,,,620,,12,,39,,56,,620
