,itinerary,ap_los,ond,travel_time,fare,provider,search_date
10598,AY5544-AA0787-AA2078,15_3,NYCPAR,1300.0,795.9,sabre,20180815
10599,AA6244-AA0787-AA2078,15_3,NYCPAR,1300.0,795.9,sabre,20180815
10600,AA6244-AA0787-AA0833,15_3,NYCPAR,2059.0,795.9,sabre,20180815
10601,AY5544-AA0787-AA0833,15_3,NYCPAR,2059.0,795.9,sabre,20180815
10602,AA6244-AA0151-AA2953,15_3,NYCPAR,2147.0,795.9,sabre,20180815
10603,AY5544-AA0151-AA2953,15_3,NYCPAR,2147.0,795.9,sabre,20180815
10604,BA8004-AA0787-AA2078,15_3,NYCPAR,1300.0,803.9,sabre,20180815
10605,BA8004-AA0787-AA0833,15_3,NYCPAR,2059.0,803.9,sabre,20180815
10606,BA8004-AA0151-AA2953,15_3,NYCPAR,2147.0,803.9,sabre,20180815
10607,KL5670-KL6159-DL8604-DL0823,15_3,NYCPAR,2143.0,807.31,sabre,20180815
10608,KL5670-KL6159-DL8604-DL3375,15_3,NYCPAR,2256.0,807.31,sabre,20180815
10609,KL5670-KL6159-DL0119-DL0823,15_3,NYCPAR,2438.0,807.31,sabre,20180815
10610,KL5670-KL6159-DL0119-DL3375,15_3,NYCPAR,2551.0,807.31,sabre,20180815
10611,KL5670-KL6159-AF0032,15_3,NYCPAR,1246.0,811.28,sabre,20180815
10612,AF2973-AF8617-AF0032,15_3,NYCPAR,1246.0,811.28,sabre,20180815
10613,H11926-H11925,15_3,NYCPAR,975.0,815.1,sabre,20180815
10614,AF2287-AF3605-AF0032,15_3,NYCPAR,1245.0,820.28,sabre,20180815
10615,AF2287-AF0377-AF0032,15_3,NYCPAR,1415.0,820.28,sabre,20180815
10616,AF2973-AF8617-DL0229-DL5151,15_3,NYCPAR,1520.0,827.31,sabre,20180815
10617,KL5670-KL6159-DL0229-DL5151,15_3,NYCPAR,1520.0,827.31,sabre,20180815
10618,DL5276-DL0500-AF0032,15_3,NYCPAR,1295.0,828.87,sabre,20180815
10619,DL6009-DL0500-AF0032,15_3,NYCPAR,1395.0,828.87,sabre,20180815
10620,DL5279-DL0500-AF0032,15_3,NYCPAR,1515.0,828.87,sabre,20180815
10621,DL5953-DL0500-AF0032,15_3,NYCPAR,1600.0,828.87,sabre,20180815
10622,AF2252-AF8701-AF0032,15_3,NYCPAR,1460.0,831.28,sabre,20180815
10623,AF2287-AF3605-DL0229-DL5151,15_3,NYCPAR,1519.0,836.31,sabre,20180815
10624,AF2287-AF0377-DL0229-DL5151,15_3,NYCPAR,1689.0,836.31,sabre,20180815
10625,SE0041-SE0070,15_3,NYCPAR,925.0,838.42,sabre,20180815
10626,DL0121-DL0140-AF0032,15_3,NYCPAR,1520.0,839.87,sabre,20180815
10627,DL1919-DL0140-AF0032,15_3,NYCPAR,1666.0,839.87,sabre,20180815
10628,DL5276-DL0500-DL0229-DL5151,15_3,NYCPAR,1569.0,845.9,sabre,20180815
10629,DL6009-DL0500-DL0229-DL5151,15_3,NYCPAR,1669.0,845.9,sabre,20180815
10630,DL5279-DL0500-DL0229-DL5151,15_3,NYCPAR,1789.0,845.9,sabre,20180815
10631,DL5953-DL0500-DL0229-DL5151,15_3,NYCPAR,1874.0,845.9,sabre,20180815
10632,AF2252-AF8701-DL0229-DL5151,15_3,NYCPAR,1734.0,847.31,sabre,20180815
10633,AF6861-AF0681-AF0032,15_3,NYCPAR,1201.0,851.28,sabre,20180815
10634,KL6851-KL2200-AF0032,15_3,NYCPAR,1261.0,851.28,sabre,20180815
10635,AF6861-AF0689-AF0032,15_3,NYCPAR,1381.0,851.28,sabre,20180815
10636,DL0121-DL0140-DL0229-DL5151,15_3,NYCPAR,1794.0,854.9,sabre,20180815
10637,DL4096-DL0228-DL0083-DL2449,15_3,NYCPAR,1827.0,854.9,sabre,20180815
10638,DL1919-DL0140-DL0229-DL5151,15_3,NYCPAR,1940.0,854.9,sabre,20180815
10639,DL4096-DL0228-DL0083-DL2142,15_3,NYCPAR,1982.0,854.9,sabre,20180815
10640,AF6861-AF0681-DL0229-DL5151,15_3,NYCPAR,1475.0,866.31,sabre,20180815
10641,KL6851-KL2200-DL0229-DL5151,15_3,NYCPAR,1535.0,866.31,sabre,20180815
10642,AF6861-AF0689-DL0229-DL5151,15_3,NYCPAR,1655.0,866.31,sabre,20180815
10643,DL2694-DL0140-DL0083-DL2449,15_3,NYCPAR,1858.0,875.9,sabre,20180815
10644,DL0362-DL0140-DL0083-DL2449,15_3,NYCPAR,1972.0,875.9,sabre,20180815
10645,DL2694-DL0140-DL0083-DL2142,15_3,NYCPAR,2013.0,875.9,sabre,20180815
10646,DL0362-DL0140-DL0083-DL2142,15_3,NYCPAR,2127.0,875.9,sabre,20180815
10647,AA5403-AY5713-AA0151-AA3045,15_3,NYCPAR,1842.0,952.59,sabre,20180815
10648,AA5097-AY5713-AA0151-AA3045,15_3,NYCPAR,2032.0,952.59,sabre,20180815
10649,AA5403-AY5713-AA0151-AA3233,15_3,NYCPAR,2654.0,952.59,sabre,20180815
10650,AA5097-AY5713-AA0151-AA3233,15_3,NYCPAR,2844.0,952.59,sabre,20180815
10651,AA5403-AY5713-AA0151-AA3019,15_3,NYCPAR,2925.0,952.59,sabre,20180815
10652,AA5097-AY5713-AA0151-AA3019,15_3,NYCPAR,3115.0,952.59,sabre,20180815
10653,AA5403-AY5713-AA0151-AA1883-AA5152,15_3,NYCPAR,1885.0,952.59,sabre,20180815
10654,AA5403-AY5713-AA0151-AA2705-AA5152,15_3,NYCPAR,1885.0,952.59,sabre,20180815
10655,AA5097-AY5713-AA0151-AA1883-AA5152,15_3,NYCPAR,2075.0,952.59,sabre,20180815
10656,AA5097-AY5713-AA0151-AA2705-AA5152,15_3,NYCPAR,2075.0,952.59,sabre,20180815
10657,AA5403-AA1259-AA6244-AA0151-AA3045,15_3,NYCPAR,1947.0,953.9,sabre,20180815
10658,AA5097-AA1259-AA6244-AA0151-AA3045,15_3,NYCPAR,2137.0,953.9,sabre,20180815
10659,AA5097-AA1539-AA6244-AA0151-AA3045,15_3,NYCPAR,2137.0,953.9,sabre,20180815
10660,AA5097-AA1489-AA6244-AA0151-AA3045,15_3,NYCPAR,2137.0,953.9,sabre,20180815
10661,AA5403-AA1259-AA6244-AA0151-AA3233,15_3,NYCPAR,2759.0,953.9,sabre,20180815
10662,AA5097-AA1259-AA6244-AA0151-AA3233,15_3,NYCPAR,2949.0,953.9,sabre,20180815
10663,AA5097-AA1489-AA6244-AA0151-AA3233,15_3,NYCPAR,2949.0,953.9,sabre,20180815
10664,AA5097-AA1539-AA6244-AA0151-AA3233,15_3,NYCPAR,2949.0,953.9,sabre,20180815
10665,AA5403-AA1259-AA6244-AA0151-AA3019,15_3,NYCPAR,3030.0,953.9,sabre,20180815
10666,AA5097-AA1259-AA6244-AA0151-AA3019,15_3,NYCPAR,3220.0,953.9,sabre,20180815
10667,AA5097-AA1539-AA6244-AA0151-AA3019,15_3,NYCPAR,3220.0,953.9,sabre,20180815
10668,AA5097-AA1489-AA6244-AA0151-AA3019,15_3,NYCPAR,3220.0,953.9,sabre,20180815
10669,AA5403-AA1259-AA6244-AA0151-AA2705-AA5152,15_3,NYCPAR,1990.0,953.9,sabre,20180815
10670,AA5403-AA1259-AA6244-AA0151-AA1883-AA5152,15_3,NYCPAR,1990.0,953.9,sabre,20180815
10671,AA5097-AA1259-AA6244-AA0151-AA1883-AA5152,15_3,NYCPAR,2180.0,953.9,sabre,20180815
10672,AA5097-AA1259-AA6244-AA0151-AA2705-AA5152,15_3,NYCPAR,2180.0,953.9,sabre,20180815
10673,AA5097-AA1539-AA6244-AA0151-AA1883-AA5152,15_3,NYCPAR,2180.0,953.9,sabre,20180815
10674,AA5097-AA1489-AA6244-AA0151-AA1883-AA5152,15_3,NYCPAR,2180.0,953.9,sabre,20180815
10675,AA5097-AA1489-AA6244-AA0151-AA2705-AA5152,15_3,NYCPAR,2180.0,953.9,sabre,20180815
10676,AA5097-AA1539-AA6244-AA0151-AA2705-AA5152,15_3,NYCPAR,2180.0,953.9,sabre,20180815
10677,AA5403-AY5713-IB4115-AA3233,15_3,NYCPAR,2654.0,960.59,sabre,20180815
10678,AA5097-AY5713-IB4115-AA3233,15_3,NYCPAR,2844.0,960.59,sabre,20180815
10679,AA5403-AY5713-AY5710-AA5152,15_3,NYCPAR,1835.0,979.59,sabre,20180815
10680,AA5403-AY5713-AA0787-AA5152,15_3,NYCPAR,1835.0,979.59,sabre,20180815
10681,AA5097-AY5713-AY5710-AA5152,15_3,NYCPAR,2025.0,979.59,sabre,20180815
10682,AA5097-AY5713-AA0787-AA5152,15_3,NYCPAR,2025.0,979.59,sabre,20180815
10683,AA5403-AY5713-AA0787-AA5403,15_3,NYCPAR,2483.0,979.59,sabre,20180815
10684,AA5403-AY5713-AY5710-AA5403,15_3,NYCPAR,2483.0,979.59,sabre,20180815
10685,AA5097-AY5713-AY5710-AA5403,15_3,NYCPAR,2673.0,979.59,sabre,20180815
10686,AA5097-AY5713-AA0787-AA5403,15_3,NYCPAR,2673.0,979.59,sabre,20180815
10687,AA5403-AY5713-AA0787-AA5180,15_3,NYCPAR,2714.0,979.59,sabre,20180815
10688,AA5403-AA1259-AA6244-AA0787-AA5152,15_3,NYCPAR,1940.0,980.9,sabre,20180815
10689,AA5403-AA1259-AA6244-AY5710-AA5152,15_3,NYCPAR,1940.0,980.9,sabre,20180815
10690,AA5097-AA1259-AA6244-AA0787-AA5152,15_3,NYCPAR,2130.0,980.9,sabre,20180815
10691,AA5097-AA1489-AA6244-AA0787-AA5152,15_3,NYCPAR,2130.0,980.9,sabre,20180815
10692,AA5097-AA1539-AA6244-AA0787-AA5152,15_3,NYCPAR,2130.0,980.9,sabre,20180815
10693,AA5097-AA1489-AA6244-AY5710-AA5152,15_3,NYCPAR,2130.0,980.9,sabre,20180815
10694,AA5097-AA1539-AA6244-AY5710-AA5152,15_3,NYCPAR,2130.0,980.9,sabre,20180815
10695,AA5403-AA1259-AA6244-AA0787-AA5403,15_3,NYCPAR,2588.0,980.9,sabre,20180815
10696,AA5097-AA1259-AA6244-AA0787-AA5403,15_3,NYCPAR,2778.0,980.9,sabre,20180815
10697,AA5097-AA1539-AA6244-AA0787-AA5403,15_3,NYCPAR,2778.0,980.9,sabre,20180815
10698,AA5097-AA1489-AA6244-AA0787-AA5403,15_3,NYCPAR,2778.0,980.9,sabre,20180815
10699,AA5403-AA1259-AA6244-AA0787-AA5180,15_3,NYCPAR,2819.0,980.9,sabre,20180815
10700,AA5097-AA1489-AA6244-AA0787-AA5180,15_3,NYCPAR,3009.0,980.9,sabre,20180815
10701,AA5097-AA1539-AA6244-AA0787-AA5180,15_3,NYCPAR,3009.0,980.9,sabre,20180815
10702,AA5403-AY5713-IB9120-AA5152,15_3,NYCPAR,1835.0,988.59,sabre,20180815
10703,AA5403-AY5713-BA1624-AA5152,15_3,NYCPAR,1835.0,988.59,sabre,20180815
10704,AA5097-AY5713-IB9120-AA5152,15_3,NYCPAR,2025.0,988.59,sabre,20180815
10705,AA5097-AY5713-BA1624-AA5152,15_3,NYCPAR,2025.0,988.59,sabre,20180815
10706,AA5403-AY5713-BA1624-AA5403,15_3,NYCPAR,2483.0,988.59,sabre,20180815
10707,AA5403-AY5713-IB9120-AA5403,15_3,NYCPAR,2483.0,988.59,sabre,20180815
10708,AA5097-AY5713-BA1624-AA5403,15_3,NYCPAR,2673.0,988.59,sabre,20180815
10709,AA5097-AY5713-IB9120-AA5403,15_3,NYCPAR,2673.0,988.59,sabre,20180815
10710,AA5403-AY5713-IB9120-AA5180,15_3,NYCPAR,2714.0,988.59,sabre,20180815
10711,AA5403-AA1259-AA6244-IB9120-AA5152,15_3,NYCPAR,1940.0,989.9,sabre,20180815
10712,AA5403-AA1259-AA6244-BA1624-AA5152,15_3,NYCPAR,1940.0,989.9,sabre,20180815
10713,AA5097-AA1489-AA6244-IB9120-AA5152,15_3,NYCPAR,2130.0,989.9,sabre,20180815
10714,AA5097-AA1539-AA6244-IB9120-AA5152,15_3,NYCPAR,2130.0,989.9,sabre,20180815
10715,AA5097-AA1489-AA6244-BA1624-AA5152,15_3,NYCPAR,2130.0,989.9,sabre,20180815
10716,AA5097-AA1539-AA6244-BA1624-AA5152,15_3,NYCPAR,2130.0,989.9,sabre,20180815
10717,AA5403-AY5713-AA0063-AA1698-AA5152,15_3,NYCPAR,1900.0,992.59,sabre,20180815
10718,AA5097-AY5713-AA0063-AA1698-AA5152,15_3,NYCPAR,2090.0,992.59,sabre,20180815
10719,AA5403-AA1259-AA6244-AA0063-AA1698-AA5152,15_3,NYCPAR,2005.0,993.9,sabre,20180815
10720,DL2704-AF3611-AF8984-DL3395,15_3,NYCPAR,1817.0,1055.72,sabre,20180815
10721,DL3363-AF3611-AF8984-DL3395,15_3,NYCPAR,1897.0,1055.72,sabre,20180815
10722,DL2704-AF3611-AF0688-DL3395,15_3,NYCPAR,1907.0,1055.72,sabre,20180815
10723,DL2704-AF0681-AF8984-DL3395,15_3,NYCPAR,1917.0,1055.72,sabre,20180815
10724,DL3363-AF3611-AF0688-DL3395,15_3,NYCPAR,1987.0,1055.72,sabre,20180815
10725,DL3363-AF0681-AF8984-DL3395,15_3,NYCPAR,1997.0,1055.72,sabre,20180815
10726,DL2704-AF0681-AF0688-DL3395,15_3,NYCPAR,2007.0,1055.72,sabre,20180815
10727,DL3363-AF0681-AF0688-DL3395,15_3,NYCPAR,2087.0,1055.72,sabre,20180815
10728,DL2704-AF3611-AF0682-DL3395,15_3,NYCPAR,2087.0,1055.72,sabre,20180815
10729,DL2704-AF0689-AF8984-DL3395,15_3,NYCPAR,2097.0,1055.72,sabre,20180815
10730,SK0910-SK0565-SK0568-SK0901,15_3,NYCPAR,1425.0,1103.94,sabre,20180815
10731,DY7022-DY7021,15_3,NYCPAR,910.0,1161.1,sabre,20180815
10732,WW0104-WW0404-WW0405-WW0103,15_3,NYCPAR,1285.0,1299.33,sabre,20180815
10733,DL4096-DL0228-DL0021,15_3,NYCPAR,1529.0,1621.98,sabre,20180815
10734,AF0007-AF0032,15_3,NYCPAR,940.0,1623.28,sabre,20180815
10735,AF0023-AF0032,15_3,NYCPAR,945.0,1623.28,sabre,20180815
10736,AF0019-AF0032,15_3,NYCPAR,945.0,1623.28,sabre,20180815
10737,AF0009-AF0032,15_3,NYCPAR,950.0,1623.28,sabre,20180815
10738,AF3577-AF0032,15_3,NYCPAR,954.0,1623.28,sabre,20180815
10739,AF5726-AF0321-AF0032,15_3,NYCPAR,1101.0,1623.28,sabre,20180815
10740,AF2554-AF0333-AF0032,15_3,NYCPAR,1170.0,1623.28,sabre,20180815
10741,AF2554-AF3663-AF0032,15_3,NYCPAR,1185.0,1623.28,sabre,20180815
10742,AF3712-AF0055-AF0032,15_3,NYCPAR,1206.0,1623.28,sabre,20180815
10743,KL5670-KL6159-KL2243-KL7631,15_3,NYCPAR,2181.0,1630.72,sabre,20180815
10744,DL2694-DL0140-DL0021,15_3,NYCPAR,1560.0,1641.98,sabre,20180815
10745,DL0362-DL0140-DL0021,15_3,NYCPAR,1674.0,1641.98,sabre,20180815
10746,KL6851-KL2200-KL2243-KL7631,15_3,NYCPAR,2196.0,1669.72,sabre,20180815
10747,AF5851-AF3563-AF0032,15_3,NYCPAR,1170.0,1673.28,sabre,20180815
10748,DL4096-DL0228-DL0099-DL1784,15_3,NYCPAR,1902.0,1677.9,sabre,20180815
10749,DL4096-DL0228-DL0097-DL1784,15_3,NYCPAR,2077.0,1677.9,sabre,20180815
10750,AA0044-AA0755-AA4796,15_3,NYCPAR,1194.0,1694.9,sabre,20180815
10751,AA0044-AA0787-AA0824,15_3,NYCPAR,1247.0,1694.9,sabre,20180815
10752,AA0044-AA0151-AA0030,15_3,NYCPAR,1263.0,1694.9,sabre,20180815
10753,AA0044-AA0787-AA1267,15_3,NYCPAR,1374.0,1694.9,sabre,20180815
10754,AA0044-AA0787-AA1942,15_3,NYCPAR,1375.0,1694.9,sabre,20180815
10755,AA0044-AA0151-AA0295,15_3,NYCPAR,1387.0,1694.9,sabre,20180815
10756,AA0044-AA0151-AA0194,15_3,NYCPAR,1441.0,1694.9,sabre,20180815
10757,AA0044-AA0755-AA4967,15_3,NYCPAR,1526.0,1694.9,sabre,20180815
10758,AA4796-AA0754-AA0755-AA4796,15_3,NYCPAR,1424.0,1694.9,sabre,20180815
10759,AA4796-AA0754-AA0787-AA0824,15_3,NYCPAR,1477.0,1694.9,sabre,20180815
10760,DL5252-DL0230-DL0083-DL2449,15_3,NYCPAR,1452.0,1697.9,sabre,20180815
10761,DL5252-DL0230-DL0083-DL2142,15_3,NYCPAR,1607.0,1697.9,sabre,20180815
10762,DL6206-DL0230-DL0083-DL2449,15_3,NYCPAR,1796.0,1697.9,sabre,20180815
10763,DL2694-DL0140-DL0099-DL1784,15_3,NYCPAR,1933.0,1697.9,sabre,20180815
10764,DL6206-DL0230-DL0083-DL2142,15_3,NYCPAR,1951.0,1697.9,sabre,20180815
10765,DL0362-DL0140-DL0099-DL1784,15_3,NYCPAR,2047.0,1697.9,sabre,20180815
10766,DL2694-DL0140-DL0097-DL1784,15_3,NYCPAR,2108.0,1697.9,sabre,20180815
10767,DL0350-DL8573-DL0083-DL2449,15_3,NYCPAR,2182.0,1697.9,sabre,20180815
10768,DL0362-DL0140-DL0097-DL1784,15_3,NYCPAR,2222.0,1697.9,sabre,20180815
10769,DL0350-DL8573-DL0083-DL2142,15_3,NYCPAR,2337.0,1697.9,sabre,20180815
10770,AF2575-AF8701-AF3618-AF2515,15_3,NYCPAR,1902.0,1700.72,sabre,20180815
10771,AF2575-AF8701-KL6166-KL5532,15_3,NYCPAR,1902.0,1700.72,sabre,20180815
10772,AF2575-AF8701-AF3550-AF2515,15_3,NYCPAR,2077.0,1700.72,sabre,20180815
10773,AF2575-AF8701-KL6144-KL5532,15_3,NYCPAR,2077.0,1700.72,sabre,20180815
10774,EI0100-EI0528-EI0521-EI0101,15_3,NYCPAR,1995.0,1707.69,sabre,20180815
10775,BA1534-BA1532-BA4315,15_3,NYCPAR,1263.0,1712.9,sabre,20180815
10776,BA1534-BA1532-BA6597,15_3,NYCPAR,1387.0,1712.9,sabre,20180815
10777,BA1534-BA1532-BA6615,15_3,NYCPAR,1441.0,1712.9,sabre,20180815
10778,BA1534-BA1532-BA6611,15_3,NYCPAR,2075.0,1712.9,sabre,20180815
10779,BA1534-BA1532-BA6643,15_3,NYCPAR,2105.0,1712.9,sabre,20180815
10780,BA1534-BA1532-BA2521,15_3,NYCPAR,2165.0,1712.9,sabre,20180815
10781,BA1594-BA0304-BA1532-BA4315,15_3,NYCPAR,1843.0,1729.26,sabre,20180815
10782,BA1594-BA0304-BA1532-BA6597,15_3,NYCPAR,1967.0,1729.26,sabre,20180815
10783,EI0100-EI0520-EI0521-EI0101,15_3,NYCPAR,1285.0,1738.14,sabre,20180815
10784,BA8004-BA8939-BA6133,15_3,NYCPAR,1135.0,1826.7,sabre,20180815
10785,DL4096-DL0228-DL0141-DL3303,15_3,NYCPAR,1907.0,1829.9,sabre,20180815
10786,KL5670-KL6159-KL2299-KL5989,15_3,NYCPAR,1579.0,1831.72,sabre,20180815
10787,KL5670-KL6159-KL2227-KL5989,15_3,NYCPAR,1759.0,1831.72,sabre,20180815
10788,KL5670-KL6159-KL6084-KL5989,15_3,NYCPAR,1859.0,1831.72,sabre,20180815
10789,DL1920-DL0082-DL0083-DL2449,15_3,NYCPAR,1517.0,1849.9,sabre,20180815
10790,DL1942-DL8672-DL0083-DL2449,15_3,NYCPAR,1537.0,1849.9,sabre,20180815
10791,DL1809-DL8517-DL0083-DL2449,15_3,NYCPAR,1548.0,1849.9,sabre,20180815
10792,DL2384-DL0082-DL0083-DL2449,15_3,NYCPAR,1581.0,1849.9,sabre,20180815
10793,DL1920-DL8517-DL0083-DL2449,15_3,NYCPAR,1617.0,1849.9,sabre,20180815
10794,DL0673-DL8672-DL0083-DL2449,15_3,NYCPAR,1652.0,1849.9,sabre,20180815
10795,DL1089-DL0082-DL0083-DL2449,15_3,NYCPAR,1667.0,1849.9,sabre,20180815
10796,DL1920-DL0082-DL0083-DL2142,15_3,NYCPAR,1672.0,1849.9,sabre,20180815
10797,DL2384-DL8517-DL0083-DL2449,15_3,NYCPAR,1681.0,1849.9,sabre,20180815
10798,AF0011-AF0032,15_3,NYCPAR,945.0,2414.28,sabre,20180815
10799,AF0007-AF0008,15_3,NYCPAR,935.0,2436.8,sabre,20180815
10800,AF0023-AF0022,15_3,NYCPAR,940.0,2436.8,sabre,20180815
10801,AY5810-AY5809,15_3,NYCPAR,975.0,2588.98,sabre,20180815
10802,UA0057-UA0056,15_3,NYCPAR,955.0,2617.98,sabre,20180815
10803,AF3593-AF3634,15_3,NYCPAR,957.0,2861.8,sabre,20180815
10804,AY5544-AY5543,15_3,NYCPAR,975.0,2895.46,sabre,20180815
10805,AA6244-AA6243,15_3,NYCPAR,975.0,2895.46,sabre,20180815
10806,SN9008-SN9009,15_3,NYCPAR,955.0,3640.34,sabre,20180815
40469,DL0404-DL0405,15_3,NYCPAR,964,808.46,competitor,20180815
40470,DL0020-DL0405,15_3,NYCPAR,958,808.46,competitor,20180815
40471,DL0404-DL8466,15_3,NYCPAR,954,808.46,competitor,20180815
40472,DL0020-DL8466,15_3,NYCPAR,948,808.46,competitor,20180815
40473,BA8004-BA1532-BA4315,15_3,NYCPAR,1268,830.46,competitor,20180815
40474,BA8004-BA1532-BA6643,15_3,NYCPAR,2110,830.46,competitor,20180815
40475,AF3577-AF0032,15_3,NYCPAR,954,830.46,competitor,20180815
40476,H11926-H11925,15_3,NYCPAR,975,835.1,competitor,20180815
40477,SE0041-SE0070,15_3,NYCPAR,925,858.42,competitor,20180815
40478,DY7022-DY7021,15_3,NYCPAR,910,1132.1,competitor,20180815
40479,DL0404-DL1022,15_3,NYCPAR,949,1622.98,competitor,20180815
40480,DL0404-DL1021,15_3,NYCPAR,949,1622.98,competitor,20180815
40481,DL0404-DL1019,15_3,NYCPAR,959,1622.98,competitor,20180815
40482,DL0020-DL0021,15_3,NYCPAR,957,1622.98,competitor,20180815
40483,AF3577-AF0022,15_3,NYCPAR,949,1644.98,competitor,20180815
40484,AF3577-AF3628,15_3,NYCPAR,964,1644.98,competitor,20180815
40485,AF3577-AF0006,15_3,NYCPAR,959,1644.98,competitor,20180815
40486,AF3577-AF0010,15_3,NYCPAR,959,1644.98,competitor,20180815
40487,AF3577-AF0008,15_3,NYCPAR,949,1644.98,competitor,20180815
40488,AF0011-DL0405,15_3,NYCPAR,955,1644.98,competitor,20180815
40489,BA1534-BA1532-BA4315,15_3,NYCPAR,1263,1732.9,competitor,20180815
40490,BA1534-BA1532-BA6643,15_3,NYCPAR,2105,1732.9,competitor,20180815
40491,FI0614-FI0542-FI0549-FI0615,15_3,NYCPAR,1295,1760.54,competitor,20180815
40492,FI0622-FI0542-FI0549-FI0615,15_3,NYCPAR,1290,1760.54,competitor,20180815
40493,FI0616-FI0542-FI0549-FI0615,15_3,NYCPAR,1265,1760.54,competitor,20180815
40494,FI0614-FI0542-FI0543-FI0615,15_3,NYCPAR,1285,1761.68,competitor,20180815
40495,FI0622-FI0542-FI0543-FI0615,15_3,NYCPAR,1280,1761.68,competitor,20180815
40496,FI0616-FI0542-FI0543-FI0615,15_3,NYCPAR,1255,1761.68,competitor,20180815
40497,BA8004-BA8939-BA6133,15_3,NYCPAR,1135,1834.98,competitor,20180815
40498,BA8004-BA0303-BA1516,15_3,NYCPAR,1165,1834.98,competitor,20180815
40499,BA8004-BA0307-BA1506,15_3,NYCPAR,1235,1834.98,competitor,20180815
40500,BA8004-BA0307-BA1510,15_3,NYCPAR,1385,1834.98,competitor,20180815
40501,DL1014-DL0405,15_3,NYCPAR,955,1834.98,competitor,20180815
40502,TP0202-TP0440-TP0447-TP0201,15_3,NYCPAR,1735,1851.55,competitor,20180815
40503,TP0202-TP0440-TP0443-TP0201,15_3,NYCPAR,1655,1851.55,competitor,20180815
40504,TP0202-TP0440-TP0431-TP0201,15_3,NYCPAR,2425,1851.55,competitor,20180815
40505,TP0202-TP0440-TP0449-TP0201,15_3,NYCPAR,2310,1851.55,competitor,20180815
40506,TP0208-TP0436-TP0447-TP0201,15_3,NYCPAR,2630,1853.81,competitor,20180815
40507,TP0208-TP0436-TP0443-TP0201,15_3,NYCPAR,2550,1853.81,competitor,20180815
40508,TP0208-TP0436-TP0431-TP0201,15_3,NYCPAR,3320,1853.81,competitor,20180815
40509,TP0208-TP0436-TP0449-TP0201,15_3,NYCPAR,3205,1853.81,competitor,20180815
40510,TP0202-TP0440-TP0433-TP0201,15_3,NYCPAR,2830,1855.57,competitor,20180815
40511,TP0202-TP0440-TP0439-TP0201,15_3,NYCPAR,2715,1855.57,competitor,20180815
40512,TP0202-TP0440-TP0441-TP0201,15_3,NYCPAR,2565,1855.57,competitor,20180815
40513,IB4439-IB2688-BA1532-BA4315,15_3,NYCPAR,1723,1856.9,competitor,20180815
40514,IB4439-IB2688-BA1532-BA6643,15_3,NYCPAR,2565,1856.9,competitor,20180815
40515,TP0208-TP0436-TP0433-TP0201,15_3,NYCPAR,3725,1857.83,competitor,20180815
40516,TP0208-TP0436-TP0439-TP0201,15_3,NYCPAR,3610,1857.83,competitor,20180815
40517,TP0208-TP0436-TP0441-TP0201,15_3,NYCPAR,3460,1857.83,competitor,20180815
40518,BA1503-BA8940-BA1532-BA4315,15_3,NYCPAR,1498,1859.43,competitor,20180815
40519,BA1503-BA8940-BA1532-BA6643,15_3,NYCPAR,2340,1859.43,competitor,20180815
40520,BA8004-IB3417-IB6253,15_3,NYCPAR,1465,1861.75,competitor,20180815
40521,BA8004-IB3435-IB6253,15_3,NYCPAR,1170,1861.75,competitor,20180815
40522,BA8004-IB3417-IB6251,15_3,NYCPAR,1215,1861.75,competitor,20180815
40523,BA8004-IB3743-IB6251,15_3,NYCPAR,1195,1862.89,competitor,20180815
40524,BA8004-IB3743-IB6253,15_3,NYCPAR,1445,1862.89,competitor,20180815
40525,BA8004-BA8055-BA2273,15_3,NYCPAR,1350,1863.91,competitor,20180815
40526,BA8004-BA0307-BA2273,15_3,NYCPAR,1360,1863.91,competitor,20180815
40527,BA1517-BA0308-BA1532-BA4315,15_3,NYCPAR,1483,1873.26,competitor,20180815
40528,BA1517-BA0308-BA1532-BA6643,15_3,NYCPAR,2325,1873.26,competitor,20180815
40529,BA8004-BA0315-BA1510,15_3,NYCPAR,1170,1874.16,competitor,20180815
40530,BA8004-BA0315-BA1593,15_3,NYCPAR,1319,1874.16,competitor,20180815
40531,BA1511-BA0306-BA8939-BA6133,15_3,NYCPAR,1330,1878.06,competitor,20180815
40532,BA1517-BA0308-BA8939-BA6133,15_3,NYCPAR,1350,1878.06,competitor,20180815
40533,IB6250-IB3740-BA1532-BA4315,15_3,NYCPAR,2048,1880.81,competitor,20180815
40534,IB6252-IB3740-BA1532-BA4315,15_3,NYCPAR,1833,1880.81,competitor,20180815
40535,IB6252-IB3742-BA1532-BA4315,15_3,NYCPAR,2048,1880.81,competitor,20180815
40536,IB6250-IB3740-BA1532-BA6643,15_3,NYCPAR,2890,1880.81,competitor,20180815
40537,IB6252-IB3740-BA1532-BA6643,15_3,NYCPAR,2675,1880.81,competitor,20180815
40538,IB6252-IB3742-BA1532-BA6643,15_3,NYCPAR,2890,1880.81,competitor,20180815
40539,BA8004-BA8754-BA1510,15_3,NYCPAR,1215,1885.43,competitor,20180815
40540,BA8004-BA8754-BA1593,15_3,NYCPAR,1364,1885.43,competitor,20180815
40541,BA8004-BA0303-BA0175,15_3,NYCPAR,1120,1886.16,competitor,20180815
40542,BA8004-BA0303-BA0173,15_3,NYCPAR,1220,1886.16,competitor,20180815
40543,BA8004-BA0303-BA0185,15_3,NYCPAR,1195,1886.16,competitor,20180815
40544,IB6250-IB3742-BA1532-BA4315,15_3,NYCPAR,2263,1888.34,competitor,20180815
40545,IB6250-IB3742-BA1532-BA6643,15_3,NYCPAR,3105,1888.34,competitor,20180815
40546,BA1503-BA8940-BA8055-BA2273,15_3,NYCPAR,1580,1925.44,competitor,20180815
40547,BA1503-BA8940-BA0307-BA2273,15_3,NYCPAR,1590,1925.44,competitor,20180815
40548,IB9026-IB9119-BA1532-BA4315,15_3,NYCPAR,2003,1937.59,competitor,20180815
40549,IB4255-IB9119-BA1532-BA4315,15_3,NYCPAR,1913,1937.59,competitor,20180815
40550,IB9026-IB9119-BA1532-BA6643,15_3,NYCPAR,2845,1937.59,competitor,20180815
40551,IB4255-IB9119-BA1532-BA6643,15_3,NYCPAR,2755,1937.59,competitor,20180815
40552,FI0614-FI0548-FI0549-FI0615,15_3,NYCPAR,1300,1938.54,competitor,20180815
40553,FI0622-FI0548-FI0549-FI0615,15_3,NYCPAR,1295,1938.54,competitor,20180815
40554,FI0616-FI0548-FI0549-FI0615,15_3,NYCPAR,1270,1938.54,competitor,20180815
40555,FI0614-FI0548-FI0543-FI0615,15_3,NYCPAR,1290,1939.68,competitor,20180815
40556,FI0622-FI0548-FI0543-FI0615,15_3,NYCPAR,1285,1939.68,competitor,20180815
40557,FI0616-FI0548-FI0543-FI0615,15_3,NYCPAR,1260,1939.68,competitor,20180815
40558,BA1503-BA8940-BA0303-BA0175,15_3,NYCPAR,1350,1947.69,competitor,20180815
40559,BA1503-BA8940-BA0303-BA0173,15_3,NYCPAR,1450,1947.69,competitor,20180815
40560,BA1503-BA8940-BA0307-BA1510,15_3,NYCPAR,1615,1947.69,competitor,20180815
40561,BA1503-BA8940-BA0315-BA1510,15_3,NYCPAR,1400,1947.69,competitor,20180815
40562,BA1503-BA8940-BA0303-BA0185,15_3,NYCPAR,1425,1947.69,competitor,20180815
40563,BA1503-BA8940-BA8754-BA1510,15_3,NYCPAR,1445,1958.96,competitor,20180815
40564,TP0202-TP0434-TP0447-TP0201,15_3,NYCPAR,1620,1965.55,competitor,20180815
40565,TP0202-TP0434-TP0443-TP0201,15_3,NYCPAR,1540,1965.55,competitor,20180815
40566,TP0202-TP0434-TP0431-TP0201,15_3,NYCPAR,2310,1965.55,competitor,20180815
40567,TP0202-TP0434-TP0449-TP0201,15_3,NYCPAR,2195,1965.55,competitor,20180815
40568,TP0202-TP0446-TP0447-TP0201,15_3,NYCPAR,2320,1965.55,competitor,20180815
40569,TP0202-TP0446-TP0443-TP0201,15_3,NYCPAR,2240,1965.55,competitor,20180815
40570,TP0202-TP0446-TP0431-TP0201,15_3,NYCPAR,3010,1965.55,competitor,20180815
40571,TP0202-TP0446-TP0449-TP0201,15_3,NYCPAR,2895,1965.55,competitor,20180815
40572,TP0208-TP0446-TP0447-TP0201,15_3,NYCPAR,1980,1965.55,competitor,20180815
40573,TP0208-TP0446-TP0443-TP0201,15_3,NYCPAR,1900,1965.55,competitor,20180815
40574,TP0208-TP0446-TP0431-TP0201,15_3,NYCPAR,2670,1965.55,competitor,20180815
40575,TP0208-TP0446-TP0449-TP0201,15_3,NYCPAR,2555,1965.55,competitor,20180815
40576,FI0614-FI0542-FI0549-FI0623,15_3,NYCPAR,1295,1967.54,competitor,20180815
40577,FI0622-FI0542-FI0549-FI0623,15_3,NYCPAR,1290,1967.54,competitor,20180815
40578,FI0616-FI0542-FI0549-FI0623,15_3,NYCPAR,1265,1967.54,competitor,20180815
40579,TP0208-TP0440-TP0447-TP0201,15_3,NYCPAR,2835,1967.81,competitor,20180815
40580,TP0208-TP0440-TP0443-TP0201,15_3,NYCPAR,2755,1967.81,competitor,20180815
40581,TP0208-TP0440-TP0431-TP0201,15_3,NYCPAR,3525,1967.81,competitor,20180815
40582,TP0208-TP0440-TP0449-TP0201,15_3,NYCPAR,3410,1967.81,competitor,20180815
40583,FI0614-FI0542-FI0543-FI0623,15_3,NYCPAR,1285,1968.68,competitor,20180815
40584,FI0622-FI0542-FI0543-FI0623,15_3,NYCPAR,1280,1968.68,competitor,20180815
40585,FI0616-FI0542-FI0543-FI0623,15_3,NYCPAR,1255,1968.68,competitor,20180815
40586,TP0202-TP0434-TP0433-TP0201,15_3,NYCPAR,2715,1969.57,competitor,20180815
40587,TP0202-TP0434-TP0439-TP0201,15_3,NYCPAR,2600,1969.57,competitor,20180815
40588,TP0202-TP0434-TP0441-TP0201,15_3,NYCPAR,2450,1969.57,competitor,20180815
40589,TP0202-TP0446-TP0433-TP0201,15_3,NYCPAR,3415,1969.57,competitor,20180815
40590,TP0202-TP0446-TP0439-TP0201,15_3,NYCPAR,3300,1969.57,competitor,20180815
40591,TP0202-TP0446-TP0441-TP0201,15_3,NYCPAR,3150,1969.57,competitor,20180815
40592,TP0208-TP0446-TP0433-TP0201,15_3,NYCPAR,3075,1969.57,competitor,20180815
40593,TP0208-TP0446-TP0439-TP0201,15_3,NYCPAR,2960,1969.57,competitor,20180815
40594,TP0208-TP0446-TP0441-TP0201,15_3,NYCPAR,2810,1969.57,competitor,20180815
40595,TP0208-TP0440-TP0439-TP0201,15_3,NYCPAR,3815,1971.83,competitor,20180815
40596,TP0208-TP0440-TP0441-TP0201,15_3,NYCPAR,3665,1971.83,competitor,20180815
40597,TP0208-TP0440-TP0433-TP0201,15_3,NYCPAR,3930,1971.83,competitor,20180815
40598,BA0184-BA0304-BA8939-BA6133,15_3,NYCPAR,1240,2022.06,competitor,20180815
40599,BA0184-BA0308-BA8939-BA6133,15_3,NYCPAR,1460,2022.06,competitor,20180815
40600,BA0184-BA0306-BA8939-BA6133,15_3,NYCPAR,1335,2022.06,competitor,20180815
40601,BA1511-BA0308-BA8939-BA6133,15_3,NYCPAR,1455,2022.06,competitor,20180815
40602,BA0174-BA0306-BA8939-BA6133,15_3,NYCPAR,1285,2022.06,competitor,20180815
40603,BA0174-BA0308-BA8939-BA6133,15_3,NYCPAR,1410,2022.06,competitor,20180815
40604,BA0176-BA0308-BA8939-BA6133,15_3,NYCPAR,1380,2022.06,competitor,20180815
40605,BA1515-BA0314-BA8939-BA6133,15_3,NYCPAR,1355,2022.06,competitor,20180815
40606,BA1515-BA0316-BA8939-BA6133,15_3,NYCPAR,1455,2022.06,competitor,20180815
40607,BA8004-BA8754-BA0185,15_3,NYCPAR,2275,2035.43,competitor,20180815
40608,BA1503-BA8940-BA1535,15_3,NYCPAR,1210,2120.51,competitor,20180815
40609,BA1503-BA8940-BA0319-BA0183,15_3,NYCPAR,1405,2142.69,competitor,20180815
40610,BA1503-BA8940-BA0323-BA0183,15_3,NYCPAR,1300,2142.69,competitor,20180815
40611,BA1503-BA8940-BA0315-BA0113,15_3,NYCPAR,1355,2142.69,competitor,20180815
40612,BA1503-BA8940-BA0315-BA0189,15_3,NYCPAR,1375,2142.69,competitor,20180815
40613,BA1503-BA8940-BA0303-BA1516,15_3,NYCPAR,1395,2142.69,competitor,20180815
40614,BA1503-BA8940-BA0319-BA1593,15_3,NYCPAR,1404,2142.69,competitor,20180815
40615,BA1503-BA8940-BA8754-BA0189,15_3,NYCPAR,1420,2153.96,competitor,20180815
40616,BA0176-BA0306-BA8939-BA6133,15_3,NYCPAR,1255,2203.06,competitor,20180815
40617,BA0116-BA0308-BA8939-BA6133,15_3,NYCPAR,1340,2203.06,competitor,20180815
40618,BA0172-BA0308-BA8939-BA6133,15_3,NYCPAR,1285,2203.06,competitor,20180815
40619,BA0172-BA0314-BA8939-BA6133,15_3,NYCPAR,1435,2203.06,competitor,20180815
40620,BA0182-BA0314-BA8939-BA6133,15_3,NYCPAR,1320,2203.06,competitor,20180815
40621,BA0182-BA0316-BA8939-BA6133,15_3,NYCPAR,1420,2203.06,competitor,20180815
40622,BA0184-BA0304-BA1532-BA4315,15_3,NYCPAR,1373,2207.26,competitor,20180815
40623,BA0184-BA0308-BA1532-BA4315,15_3,NYCPAR,1593,2207.26,competitor,20180815
40624,BA0184-BA0304-BA1532-BA6643,15_3,NYCPAR,2215,2207.26,competitor,20180815
40625,BA0184-BA0308-BA1532-BA6643,15_3,NYCPAR,2435,2207.26,competitor,20180815
40626,BA1511-BA0308-BA1532-BA4315,15_3,NYCPAR,1588,2207.26,competitor,20180815
40627,BA1511-BA0308-BA1532-BA6643,15_3,NYCPAR,2430,2207.26,competitor,20180815
40628,BA0174-BA0308-BA1532-BA4315,15_3,NYCPAR,1543,2207.26,competitor,20180815
40629,BA0174-BA0308-BA1532-BA6643,15_3,NYCPAR,2385,2207.26,competitor,20180815
40630,BA0176-BA0308-BA1532-BA4315,15_3,NYCPAR,1513,2207.26,competitor,20180815
40631,BA0176-BA0308-BA1532-BA6643,15_3,NYCPAR,2355,2207.26,competitor,20180815
40632,BA1515-BA0316-BA1532-BA4315,15_3,NYCPAR,1588,2207.26,competitor,20180815
40633,BA1515-BA0316-BA1532-BA6643,15_3,NYCPAR,2430,2207.26,competitor,20180815
40634,BA1503-BA8940-BA0307-BA1506,15_3,NYCPAR,1465,2225.69,competitor,20180815
40635,BA1503-BA8940-BA0315-BA1593,15_3,NYCPAR,1549,2225.69,competitor,20180815
40636,BA1503-BA8940-BA8754-BA1593,15_3,NYCPAR,1594,2236.96,competitor,20180815
40637,BA0182-BA8755-BA8939-BA6133,15_3,NYCPAR,1505,2238.15,competitor,20180815
40638,BA1515-BA0314-BA1532-BA4315,15_3,NYCPAR,1488,2255.26,competitor,20180815
40639,BA1515-BA0314-BA1532-BA6643,15_3,NYCPAR,2330,2255.26,competitor,20180815
40640,BA1503-BA8940-BA0315-BA0183,15_3,NYCPAR,1550,2370.69,competitor,20180815
40641,BA1503-BA8940-BA8754-BA0183,15_3,NYCPAR,1595,2381.96,competitor,20180815
40642,BA0116-BA0308-BA1532-BA4315,15_3,NYCPAR,1473,2388.26,competitor,20180815
40643,BA0172-BA0308-BA1532-BA4315,15_3,NYCPAR,1418,2388.26,competitor,20180815
40644,BA0116-BA0308-BA1532-BA6643,15_3,NYCPAR,2315,2388.26,competitor,20180815
40645,BA0172-BA0308-BA1532-BA6643,15_3,NYCPAR,2260,2388.26,competitor,20180815
40646,BA0182-BA0316-BA1532-BA4315,15_3,NYCPAR,1553,2388.26,competitor,20180815
40647,BA0182-BA0316-BA1532-BA6643,15_3,NYCPAR,2395,2388.26,competitor,20180815
40648,BA0182-BA8755-BA1532-BA4315,15_3,NYCPAR,1638,2423.35,competitor,20180815
40649,BA0182-BA8755-BA1532-BA6643,15_3,NYCPAR,2480,2423.35,competitor,20180815
40650,DL1016-DL1021,15_3,NYCPAR,940,2433.98,competitor,20180815
40651,DL1015-DL1021,15_3,NYCPAR,935,2433.98,competitor,20180815
40652,DL1017-DL1021,15_3,NYCPAR,945,2433.98,competitor,20180815
40653,DL1016-DL1019,15_3,NYCPAR,950,2433.98,competitor,20180815
40654,DL1015-DL1019,15_3,NYCPAR,945,2433.98,competitor,20180815
40655,DL1017-DL1019,15_3,NYCPAR,955,2433.98,competitor,20180815
40656,DL1015-DL1022,15_3,NYCPAR,935,2433.98,competitor,20180815
40657,BA0172-BA0314-BA1532-BA4315,15_3,NYCPAR,1568,2436.26,competitor,20180815
40658,BA0172-BA0314-BA1532-BA6643,15_3,NYCPAR,2410,2436.26,competitor,20180815
40659,BA0182-BA0314-BA1532-BA4315,15_3,NYCPAR,1453,2436.26,competitor,20180815
40660,BA0182-BA0314-BA1532-BA6643,15_3,NYCPAR,2295,2436.26,competitor,20180815
40661,AF3593-AF3634,15_3,NYCPAR,957,2455.98,competitor,20180815
40662,AF0011-AF0022,15_3,NYCPAR,940,2455.98,competitor,20180815
40663,AF0011-AF0006,15_3,NYCPAR,950,2455.98,competitor,20180815
40664,AF0011-AF0010,15_3,NYCPAR,950,2455.98,competitor,20180815
40665,AF0011-AF0008,15_3,NYCPAR,940,2455.98,competitor,20180815
40666,BA1503-BA8940-BA8754-BA0185,15_3,NYCPAR,2505,2605.96,competitor,20180815
40667,AY5810-AY5809,15_3,NYCPAR,975,2608.98,competitor,20180815
40668,UA0057-UA0056,15_3,NYCPAR,955,2637.98,competitor,20180815
40669,BA0112-BA0308-BA1532-BA4315,15_3,NYCPAR,1573,2638.26,competitor,20180815
40670,BA0112-BA0308-BA1532-BA6643,15_3,NYCPAR,2415,2638.26,competitor,20180815
40671,DL1014-DL1022,15_3,NYCPAR,940,2646.98,competitor,20180815
40672,DL1014-DL1021,15_3,NYCPAR,940,2646.98,competitor,20180815
40673,DL1014-DL1019,15_3,NYCPAR,950,2646.98,competitor,20180815
40674,BA1517-BA0308-BA1535,15_3,NYCPAR,1195,2762.34,competitor,20180815
40675,UA0134-UA9769-UA8121-UA8184,15_3,NYCPAR,1404,2833.11,competitor,20180815
40676,UA0134-UA9769-UA8121-UA8186,15_3,NYCPAR,1539,2833.11,competitor,20180815
40677,UA0134-UA9769-UA8121-UA8382,15_3,NYCPAR,1664,2833.11,competitor,20180815
