,search_date,ond,ap_los,provider,itinerary,fare_sabre,fare_competitor,fare_difference,travel_time_sabre,travel_time_competitor,price_rank_abs_sabre,price_rank_abs_competitor,time_rank_sabre,time_rank_competitor,time_rank_abs_sabre,itinerary_carrier
0,20180815,ATHPAR,8_28_2,both,LH1279-LH1026-LX0647-LX1830,290.6,306.35,-0.054198210598761176,1430.0,1430.0,1.0,3.0,72.0,22.0,84.0,LH-LX
1,20180815,ATHPAR,8_28_2,both,LH1279-LH1026-LX0657-LX1842,290.6,306.35,-0.054198210598761176,1450.0,1450.0,1.0,3.0,74.0,24.0,86.0,LH-LX
2,20180815,ATHPAR,8_28_2,both,LH1279-LH1026-LX0633-LX1838,290.6,306.35,-0.054198210598761176,1495.0,1495.0,1.0,3.0,77.0,29.0,91.0,LH-LX
3,20180815,ATHPAR,8_28_2,both,LH1279-LH1026-LX0647-LX1838,290.6,306.35,-0.054198210598761176,1665.0,1665.0,1.0,3.0,88.0,43.0,107.0,LH-LX
4,20180815,ATHPAR,8_28_2,both,LH1279-LH1026-LX0639-LX1842,290.6,306.35,-0.054198210598761176,1670.0,1670.0,1.0,3.0,89.0,44.0,108.0,LH-LX
5,20180815,ATHPAR,8_28_2,both,LH1279-LH1026-LX0633-LX1840,290.6,306.35,-0.054198210598761176,1710.0,1710.0,1.0,3.0,91.0,49.0,114.0,LH-LX
6,20180815,ATHPAR,8_28_2,both,LH1279-LH1026-LX0647-LX1840,290.6,306.35,-0.054198210598761176,1880.0,1880.0,1.0,3.0,102.0,67.0,133.0,LH-LX
7,20180815,ATHPAR,8_28_2,both,LH1279-LH1026-LX0633-LX1842,290.6,306.35,-0.054198210598761176,1985.0,1985.0,1.0,3.0,109.0,76.0,143.0,LH-LX
8,20180815,ATHPAR,8_28_2,both,LH1279-LH1026-LX0645-LX1830,290.6,306.35,-0.054198210598761176,2045.0,2045.0,1.0,3.0,111.0,82.0,149.0,LH-LX
9,20180815,ATHPAR,8_28_2,both,LH1279-LH1026-LX0647-LX1842,290.6,306.35,-0.054198210598761176,2155.0,2155.0,1.0,3.0,118.0,92.0,159.0,LH-LX
10,20180815,ATHPAR,8_28_2,both,LH1279-LH1026-LX0657-LX1830,290.6,306.35,-0.054198210598761176,2165.0,2165.0,1.0,3.0,119.0,93.0,160.0,LH-LX
11,20180815,ATHPAR,8_28_2,both,LH1279-LH1026-LX0639-LX1830,290.6,306.35,-0.054198210598761176,2385.0,2385.0,1.0,3.0,125.0,109.0,177.0,LH-LX
12,20180815,ATHPAR,8_28_2,both,LH1279-LH1026-LX0633-LX1830,290.6,306.35,-0.054198210598761176,2700.0,2700.0,1.0,3.0,131.0,129.0,198.0,LH-LX
13,20180815,ATHPAR,8_28_2,both,LH1279-LH1026-LH1051-LH1284,292.72,308.47,-0.05380568461328231,2085.0,2085.0,2.0,4.0,114.0,85.0,152.0,LH
14,20180815,ATHPAR,8_28_2,both,LH1279-LH1026-LH2231-LH1754,310.04,326.94,-0.05450909560056759,1565.0,1565.0,5.0,14.0,82.0,35.0,98.0,LH
15,20180815,ATHPAR,8_28_2,both,LH1279-LH1026-LH2239-LH1752,310.04,326.94,-0.05450909560056759,1810.0,1810.0,5.0,14.0,97.0,60.0,126.0,LH
16,20180815,ATHPAR,8_28_2,both,LH1279-LH1026-LH2239-LH1754,310.04,326.94,-0.05450909560056759,2055.0,2055.0,5.0,14.0,113.0,84.0,151.0,LH
17,20180815,ATHPAR,8_28_2,both,LH1279-LH1026-LH2235-LH1750,310.7,327.6,-0.05439330543933066,2190.0,2190.0,6.0,16.0,120.0,97.0,164.0,LH
18,20180815,ATHPAR,8_28_2,both,LH1279-LH1026-LH1041-LH1284,312.72,329.62,-0.054041954464057226,1440.0,1440.0,7.0,17.0,73.0,23.0,85.0,LH
19,20180815,ATHPAR,8_28_2,both,LH1279-LH1026-LH1041-LH1280,317.95,334.85,-0.05315301147979253,2050.0,2050.0,8.0,19.0,112.0,83.0,150.0,LH
20,20180815,ATHPAR,8_28_2,both,LH1279-LH1026-LH2229-LH1752,320.04,336.94,-0.052805899262592104,1470.0,1470.0,10.0,22.0,76.0,27.0,89.0,LH
21,20180815,ATHPAR,8_28_2,both,LH1279-LH1026-LH2239-LH1756,320.04,336.94,-0.052805899262592104,1585.0,1585.0,10.0,22.0,83.0,36.0,99.0,LH
22,20180815,ATHPAR,8_28_2,both,LH1279-LH1026-LH2231-LH1750,320.7,337.6,-0.05269722482070482,2380.0,2380.0,11.0,23.0,124.0,108.0,176.0,LH
23,20180815,ATHPAR,8_28_2,both,LH1279-LH1026-OS7112-OS0803,324.56,341.46,-0.05207049543998021,2130.0,2130.0,12.0,27.0,115.0,89.0,156.0,LH-OS
24,20180815,ATHPAR,8_28_2,both,LH1279-LH1026-LH1041-LH1278,325.41,342.31,-0.051934482652653505,2220.0,2220.0,13.0,28.0,122.0,99.0,167.0,LH
25,20180815,ATHPAR,8_28_2,both,LH1279-LH1026-LH1031-LH1280,325.41,342.31,-0.051934482652653505,2480.0,2480.0,13.0,28.0,127.0,116.0,184.0,LH
26,20180815,ATHPAR,8_28_2,both,LH1279-LH1026-LH1029-LH1280,325.41,342.31,-0.051934482652653505,2530.0,2530.0,13.0,28.0,128.0,119.0,187.0,LH
27,20180815,ATHPAR,8_28_2,both,LH1279-LH1026-LH1031-LH1278,325.41,342.31,-0.051934482652653505,2650.0,2650.0,13.0,28.0,130.0,126.0,195.0,LH
28,20180815,ATHPAR,8_2,sabre_unique,LH1279-LH1026-LH1029-LH1278,325.41,,,2700.0,,13.0,,131.0,,198.0,LH
29,20180815,ATHPAR,8_28_2,both,LH1755-LH2234-LH1051-LH1284,327.35,344.25,-0.05162669925156553,1660.0,1660.0,15.0,30.0,87.0,42.0,106.0,LH
30,20180815,ATHPAR,8_28_2,both,LH1755-LH2236-LH1051-LH1284,327.35,344.25,-0.05162669925156553,1795.0,1795.0,15.0,30.0,94.0,58.0,123.0,LH
31,20180815,ATHPAR,8_28_2,both,LH1283-LH1026-LH1051-LH1284,335.26,352.16,-0.05040863807194427,1835.0,1835.0,20.0,42.0,98.0,63.0,129.0,LH
32,20180815,ATHPAR,8_28_2,both,LH1283-LH1028-LH1051-LH1284,335.26,352.16,-0.05040863807194427,1900.0,1900.0,20.0,42.0,104.0,69.0,136.0,LH
33,20180815,ATHPAR,8_28_2,both,LH1279-LH1026-LH1035-LH1280,335.41,352.31,-0.05038609463045221,2290.0,2290.0,21.0,43.0,123.0,102.0,170.0,LH
34,20180815,ATHPAR,8_28_2,both,LH1279-LH1026-LH1035-LH1278,335.41,352.31,-0.05038609463045221,2460.0,2460.0,21.0,43.0,126.0,115.0,183.0,LH
35,20180815,ATHPAR,8_28_2,both,LH1753-LH2228-LH1051-LH1284,338.01,354.91,-0.04999852075382395,1930.0,1930.0,24.0,48.0,106.0,73.0,140.0,LH
36,20180815,ATHPAR,8_28_2,both,LH1757-LH2228-LH1051-LH1284,338.01,354.91,-0.04999852075382395,2155.0,2155.0,24.0,48.0,118.0,92.0,159.0,LH
37,20180815,ATHPAR,8_28_2,both,LH1755-LH2238-LH1051-LH1284,338.81,355.71,-0.04988046397686012,2040.0,2040.0,25.0,51.0,110.0,81.0,148.0,LH
38,20180815,ATHPAR,8_28_2,both,LH1283-LH1030-LH1051-LH1284,342.72,359.62,-0.04931139122315586,1960.0,1960.0,29.0,60.0,108.0,75.0,142.0,LH
39,20180815,ATHPAR,8_28_2,both,LH1279-LH1028-LH1051-LH1284,342.72,359.62,-0.04931139122315586,2150.0,2150.0,29.0,60.0,117.0,91.0,158.0,LH
40,20180815,ATHPAR,8_2,sabre_unique,LH1279-LH1030-LH1051-LH1284,342.72,,,2210.0,,29.0,,121.0,,166.0,LH
41,20180815,ATHPAR,8_28_2,both,LH1755-LH2234-LH2231-LH1754,344.67,361.57,-0.04903240781036927,1140.0,1140.0,31.0,66.0,49.0,7.0,54.0,LH
42,20180815,ATHPAR,8_28_2,both,LH1755-LH2236-LH2231-LH1754,344.67,361.57,-0.04903240781036927,1275.0,1275.0,31.0,66.0,59.0,12.0,67.0,LH
43,20180815,ATHPAR,8_28_2,both,LH1755-LH2234-LH2239-LH1752,344.67,361.57,-0.04903240781036927,1385.0,1385.0,31.0,66.0,67.0,19.0,78.0,LH
44,20180815,ATHPAR,8_28_2,both,LH1755-LH2236-LH2239-LH1752,344.67,361.57,-0.04903240781036927,1520.0,1520.0,31.0,66.0,79.0,32.0,94.0,LH
45,20180815,ATHPAR,8_28_2,both,LH1755-LH2234-LH2239-LH1754,344.67,361.57,-0.04903240781036927,1630.0,1630.0,31.0,66.0,85.0,41.0,104.0,LH
46,20180815,ATHPAR,8_28_2,both,LH1755-LH2236-LH2239-LH1754,344.67,361.57,-0.04903240781036927,1765.0,1765.0,31.0,66.0,93.0,56.0,121.0,LH
47,20180815,ATHPAR,8_28_2,both,LH1755-LH2234-LH2235-LH1750,345.33,362.23,-0.04893869631946264,1765.0,1765.0,33.0,70.0,93.0,56.0,121.0,LH
48,20180815,ATHPAR,8_28_2,both,LH1755-LH2236-LH2235-LH1750,345.33,362.23,-0.04893869631946264,1900.0,1900.0,33.0,70.0,104.0,69.0,136.0,LH
49,20180815,ATHPAR,8_2,sabre_unique,LH1755-LH2234-LH1041-LH1284,347.35,,,1015.0,,34.0,,43.0,,43.0,LH
50,20180815,ATHPAR,8_2,sabre_unique,LH1755-LH2236-LH1041-LH1284,347.35,,,1150.0,,34.0,,51.0,,56.0,LH
51,20180815,ATHPAR,8_2,sabre_unique,AF1533-AF1032,350.53,,,390.0,,39.0,,1.0,,1.0,AF
52,20180815,ATHPAR,8_2,sabre_unique,AF1833-AF1032,350.53,,,390.0,,39.0,,1.0,,1.0,AF
53,20180815,ATHPAR,8_2,sabre_unique,AF1433-AF1032,350.53,,,390.0,,39.0,,1.0,,1.0,AF
54,20180815,ATHPAR,8_2,sabre_unique,AF1333-AF1032,350.53,,,390.0,,39.0,,1.0,,1.0,AF
55,20180815,ATHPAR,8_2,sabre_unique,AF1533-AF1232,350.53,,,395.0,,39.0,,2.0,,2.0,AF
56,20180815,ATHPAR,8_2,sabre_unique,AF1833-AF1232,350.53,,,395.0,,39.0,,2.0,,2.0,AF
57,20180815,ATHPAR,8_2,sabre_unique,AF1433-AF1232,350.53,,,395.0,,39.0,,2.0,,2.0,AF
58,20180815,ATHPAR,8_2,sabre_unique,AF1333-AF1232,350.53,,,395.0,,39.0,,2.0,,2.0,AF
59,20180815,ATHPAR,8_2,sabre_unique,LH1283-LH1026-LH2231-LH1754,352.58,,,1315.0,,44.0,,63.0,,72.0,LH
60,20180815,ATHPAR,8_2,sabre_unique,LH1283-LH1028-LH2231-LH1754,352.58,,,1380.0,,44.0,,66.0,,77.0,LH
61,20180815,ATHPAR,8_2,sabre_unique,LH1283-LH1026-LH2239-LH1752,352.58,,,1560.0,,44.0,,81.0,,97.0,LH
62,20180815,ATHPAR,8_2,sabre_unique,LH1755-LH2234-LH1041-LH1280,352.58,,,1625.0,,44.0,,84.0,,103.0,LH
63,20180815,ATHPAR,8_2,sabre_unique,LH1283-LH1028-LH2239-LH1752,352.58,,,1625.0,,44.0,,84.0,,103.0,LH
64,20180815,ATHPAR,8_2,sabre_unique,LH1755-LH2236-LH1041-LH1280,352.58,,,1760.0,,44.0,,92.0,,120.0,LH
65,20180815,ATHPAR,8_2,sabre_unique,LH1283-LH1026-LH2239-LH1754,352.58,,,1805.0,,44.0,,96.0,,125.0,LH
66,20180815,ATHPAR,8_2,sabre_unique,LH1283-LH1028-LH2239-LH1754,352.58,,,1870.0,,44.0,,100.0,,131.0,LH
67,20180815,ATHPAR,8_2,sabre_unique,LH1755-LH2234-LH2229-LH1752,354.67,,,1045.0,,47.0,,45.0,,46.0,LH
68,20180815,ATHPAR,8_2,sabre_unique,LH1755-LH2234-LH2239-LH1756,354.67,,,1160.0,,47.0,,52.0,,57.0,LH
69,20180815,ATHPAR,8_2,sabre_unique,LH1755-LH2236-LH2229-LH1752,354.67,,,1180.0,,47.0,,54.0,,59.0,LH
70,20180815,ATHPAR,8_2,sabre_unique,LH1755-LH2236-LH2239-LH1756,354.67,,,1295.0,,47.0,,61.0,,69.0,LH
71,20180815,ATHPAR,8_2,sabre_unique,LH1283-LH1026-LH1041-LH1284,355.26,,,1190.0,,49.0,,55.0,,60.0,LH
72,20180815,ATHPAR,8_2,sabre_unique,LH1283-LH1028-LH1041-LH1284,355.26,,,1255.0,,49.0,,57.0,,65.0,LH
73,20180815,ATHPAR,8_2,sabre_unique,LH1753-LH2228-LH2231-LH1754,355.33,,,1410.0,,50.0,,71.0,,82.0,LH
74,20180815,ATHPAR,8_2,sabre_unique,LH1753-LH2228-LH2239-LH1752,355.33,,,1655.0,,50.0,,86.0,,105.0,LH
75,20180815,ATHPAR,8_2,sabre_unique,LH1753-LH2228-LH2239-LH1754,355.33,,,1900.0,,50.0,,104.0,,136.0,LH
76,20180815,ATHPAR,8_2,sabre_unique,LH1755-LH2238-LH2231-LH1754,356.13,,,1520.0,,52.0,,79.0,,94.0,LH
77,20180815,ATHPAR,8_2,sabre_unique,LH1753-LH2228-LH1041-LH1284,358.01,,,1285.0,,56.0,,60.0,,68.0,LH
78,20180815,ATHPAR,8_2,sabre_unique,LH1755-LH2238-LH1041-LH1284,358.81,,,1395.0,,59.0,,68.0,,79.0,LH
79,20180815,ATHPAR,8_28_2,both,LH1279-LH1026-LH2239-LH1750,360.04,356.94,0.00861015442728592,1430.0,1430.0,61.0,54.0,72.0,22.0,84.0,LH
80,20180815,ATHPAR,8_2,sabre_unique,LH1283-LH1030-LH2231-LH1754,360.04,,,1440.0,,61.0,,73.0,,85.0,LH
81,20180815,ATHPAR,8_2,sabre_unique,LH1283-LH1030-LH2239-LH1752,360.04,,,1685.0,,61.0,,90.0,,111.0,LH
82,20180815,ATHPAR,8_2,sabre_unique,LH1283-LH1030-LH2239-LH1754,360.04,,,1930.0,,61.0,,106.0,,140.0,LH
83,20180815,ATHPAR,8_2,sabre_unique,LH1283-LH1026-LH1041-LH1280,360.49,,,1800.0,,62.0,,95.0,,124.0,LH
84,20180815,ATHPAR,8_2,sabre_unique,LH1283-LH1028-LH1041-LH1280,360.49,,,1865.0,,62.0,,99.0,,130.0,LH
85,20180815,ATHPAR,8_2,sabre_unique,AF1533-AF6116-AF1864,360.6,,,735.0,,63.0,,27.0,,27.0,AF
86,20180815,ATHPAR,8_2,sabre_unique,AF1833-AF6116-AF1864,360.6,,,735.0,,63.0,,27.0,,27.0,AF
87,20180815,ATHPAR,8_2,sabre_unique,AF1433-AF6116-AF1864,360.6,,,735.0,,63.0,,27.0,,27.0,AF
88,20180815,ATHPAR,8_2,sabre_unique,AF1333-AF6116-AF1864,360.6,,,735.0,,63.0,,27.0,,27.0,AF
89,20180815,ATHPAR,8_2,sabre_unique,AF1533-AF6014-AF1782,361.87,,,475.0,,67.0,,5.0,,5.0,AF
90,20180815,ATHPAR,8_2,sabre_unique,AF1833-AF6014-AF1782,361.87,,,475.0,,67.0,,5.0,,5.0,AF
91,20180815,ATHPAR,8_2,sabre_unique,AF1433-AF6014-AF1782,361.87,,,475.0,,67.0,,5.0,,5.0,AF
92,20180815,ATHPAR,8_2,sabre_unique,AF1333-AF6014-AF1782,361.87,,,475.0,,67.0,,5.0,,5.0,AF
93,20180815,ATHPAR,8_2,sabre_unique,AF1533-AF6010-AF1782,361.87,,,660.0,,67.0,,22.0,,22.0,AF
94,20180815,ATHPAR,8_2,sabre_unique,AF1833-AF6010-AF1782,361.87,,,660.0,,67.0,,22.0,,22.0,AF
95,20180815,ATHPAR,8_2,sabre_unique,AF1433-AF6010-AF1782,361.87,,,660.0,,67.0,,22.0,,22.0,AF
96,20180815,ATHPAR,8_2,sabre_unique,AF1333-AF6010-AF1782,361.87,,,660.0,,67.0,,22.0,,22.0,AF
97,20180815,ATHPAR,8_2,sabre_unique,LH1283-LH1026-LH2229-LH1752,362.58,,,1220.0,,71.0,,56.0,,62.0,LH
98,20180815,ATHPAR,8_2,sabre_unique,LH1283-LH1028-LH2229-LH1752,362.58,,,1285.0,,71.0,,60.0,,68.0,LH
99,20180815,ATHPAR,8_2,sabre_unique,LH1283-LH1026-LH2239-LH1756,362.58,,,1335.0,,71.0,,64.0,,73.0,LH
100,20180815,ATHPAR,8_2,sabre_unique,LH1283-LH1028-LH2239-LH1756,362.58,,,1400.0,,71.0,,69.0,,80.0,LH
101,20180815,ATHPAR,8_2,sabre_unique,LH1283-LH1030-LH1041-LH1284,362.72,,,1315.0,,72.0,,63.0,,72.0,LH
102,20180815,ATHPAR,8_2,sabre_unique,AF1533-AF6220-AF1708,362.84,,,505.0,,73.0,,7.0,,7.0,AF
103,20180815,ATHPAR,8_2,sabre_unique,AF1833-AF6220-AF1708,362.84,,,505.0,,73.0,,7.0,,7.0,AF
104,20180815,ATHPAR,8_2,sabre_unique,AF1433-AF6220-AF1708,362.84,,,505.0,,73.0,,7.0,,7.0,AF
105,20180815,ATHPAR,8_2,sabre_unique,AF1333-AF6220-AF1708,362.84,,,505.0,,73.0,,7.0,,7.0,AF
106,20180815,ATHPAR,8_2,sabre_unique,AF1533-AF6218-AF1708,362.84,,,565.0,,73.0,,8.0,,8.0,AF
107,20180815,ATHPAR,8_2,sabre_unique,AF1833-AF6218-AF1708,362.84,,,565.0,,73.0,,8.0,,8.0,AF
108,20180815,ATHPAR,8_2,sabre_unique,AF1433-AF6218-AF1708,362.84,,,565.0,,73.0,,8.0,,8.0,AF
109,20180815,ATHPAR,8_2,sabre_unique,AF1333-AF6218-AF1708,362.84,,,565.0,,73.0,,8.0,,8.0,AF
110,20180815,ATHPAR,8_2,sabre_unique,AF1533-AF6214-AF1708,362.84,,,645.0,,73.0,,19.0,,19.0,AF
111,20180815,ATHPAR,8_2,sabre_unique,AF1833-AF6214-AF1708,362.84,,,645.0,,73.0,,19.0,,19.0,AF
112,20180815,ATHPAR,8_2,sabre_unique,AF1433-AF6214-AF1708,362.84,,,645.0,,73.0,,19.0,,19.0,AF
113,20180815,ATHPAR,8_2,sabre_unique,AF1333-AF6214-AF1708,362.84,,,645.0,,73.0,,19.0,,19.0,AF
114,20180815,ATHPAR,8_2,sabre_unique,AF1833-AF6210-AF1708,362.84,,,735.0,,73.0,,27.0,,27.0,AF
115,20180815,ATHPAR,8_2,sabre_unique,AF1433-AF6210-AF1708,362.84,,,735.0,,73.0,,27.0,,27.0,AF
116,20180815,ATHPAR,8_2,sabre_unique,AF1333-AF6210-AF1708,362.84,,,735.0,,73.0,,27.0,,27.0,AF
117,20180815,ATHPAR,8_2,sabre_unique,LH1753-LH2228-LH1041-LH1280,363.24,,,1895.0,,74.0,,103.0,,135.0,LH
118,20180815,ATHPAR,8_2,sabre_unique,AF1533-AF7706-AF1708,363.98,,,485.0,,75.0,,6.0,,6.0,AF
119,20180815,ATHPAR,8_2,sabre_unique,AF1833-AF7706-AF1708,363.98,,,485.0,,75.0,,6.0,,6.0,AF
120,20180815,ATHPAR,8_2,sabre_unique,AF1433-AF7706-AF1708,363.98,,,485.0,,75.0,,6.0,,6.0,AF
121,20180815,ATHPAR,8_2,sabre_unique,AF1333-AF7706-AF1708,363.98,,,485.0,,75.0,,6.0,,6.0,AF
122,20180815,ATHPAR,8_2,sabre_unique,AF1533-AF7714-AF1708,363.98,,,615.0,,75.0,,15.0,,15.0,AF
123,20180815,ATHPAR,8_2,sabre_unique,AF1833-AF7714-AF1708,363.98,,,615.0,,75.0,,15.0,,15.0,AF
124,20180815,ATHPAR,8_2,sabre_unique,AF1433-AF7714-AF1708,363.98,,,615.0,,75.0,,15.0,,15.0,AF
125,20180815,ATHPAR,8_2,sabre_unique,AF1333-AF7714-AF1708,363.98,,,615.0,,75.0,,15.0,,15.0,AF
126,20180815,ATHPAR,8_2,sabre_unique,LH1753-LH2228-LH2229-LH1752,365.33,,,1315.0,,76.0,,63.0,,72.0,LH
127,20180815,ATHPAR,8_2,sabre_unique,LH1753-LH2228-LH2239-LH1756,365.33,,,1430.0,,76.0,,72.0,,84.0,LH
128,20180815,ATHPAR,8_2,sabre_unique,LH1283-LH1030-LH1041-LH1280,367.95,,,1925.0,,77.0,,105.0,,139.0,LH
129,20180815,ATHPAR,8_2,sabre_unique,LH1283-LH1030-LH2229-LH1752,370.04,,,1345.0,,78.0,,65.0,,75.0,LH
130,20180815,ATHPAR,8_2,sabre_unique,LH1283-LH1030-LH2239-LH1756,370.04,,,1460.0,,78.0,,75.0,,88.0,LH
131,20180815,ATHPAR,8_2,sabre_unique,LH1279-LH1026-OS0412-OS0803,374.56,,,1960.0,,79.0,,108.0,,142.0,LH-OS
132,20180815,ATHPAR,8_2,sabre_unique,LH1279-LH1026-OS0412-OS0801,374.56,,,2745.0,,79.0,,132.0,,201.0,LH-OS
133,20180815,ATHPAR,8_2,sabre_unique,LX1843-LX0656-LX0647-LX1830,374.79,,,1035.0,,80.0,,44.0,,45.0,LX
134,20180815,ATHPAR,8_2,sabre_unique,LX1843-LX0656-LX0657-LX1842,374.79,,,1055.0,,80.0,,46.0,,47.0,LX
135,20180815,ATHPAR,8_2,sabre_unique,LX1843-LX0656-LX0633-LX1838,374.79,,,1100.0,,80.0,,47.0,,51.0,LX
136,20180815,ATHPAR,8_2,sabre_unique,LH1755-LH2228-LX0647-LX1830,375.23,,,630.0,,81.0,,16.0,,16.0,LH-LX
137,20180815,ATHPAR,8_2,sabre_unique,LH1755-LH2228-LX0657-LX1842,375.23,,,650.0,,81.0,,20.0,,20.0,LH-LX
138,20180815,ATHPAR,8_2,sabre_unique,LH1755-LH2228-LX0633-LX1838,375.23,,,695.0,,81.0,,25.0,,25.0,LH-LX
139,20180815,ATHPAR,8_2,sabre_unique,AF1533-AF1132,384.53,,,390.0,,82.0,,1.0,,1.0,AF
140,20180815,ATHPAR,8_2,sabre_unique,AF1833-AF1132,384.53,,,390.0,,82.0,,1.0,,1.0,AF
141,20180815,ATHPAR,8_2,sabre_unique,LH1755-LH2234-LH2239-LH1750,394.67,,,1005.0,,83.0,,42.0,,42.0,LH
142,20180815,ATHPAR,8_2,sabre_unique,AF1333-AF1532,404.53,,,395.0,,84.0,,2.0,,2.0,AF
143,20180815,ATHPAR,8_2,sabre_unique,LX1831-LX0656-LX0647-LX1830,409.79,,,580.0,,85.0,,11.0,,11.0,LX
144,20180815,ATHPAR,8_2,sabre_unique,LX1831-LX0656-LX0657-LX1842,409.79,,,600.0,,85.0,,14.0,,14.0,LX
145,20180815,ATHPAR,8_2,sabre_unique,LX1831-LX0656-LX0633-LX1838,409.79,,,645.0,,85.0,,19.0,,19.0,LX
146,20180815,ATHPAR,8_2,sabre_unique,LX1831-LX0656-LX0647-LX1838,409.79,,,815.0,,85.0,,32.0,,32.0,LX
147,20180815,ATHPAR,8_2,sabre_unique,LX1831-LX0656-LX0639-LX1842,409.79,,,820.0,,85.0,,33.0,,33.0,LX
148,20180815,ATHPAR,8_2,sabre_unique,LX1831-LX0656-LX0633-LX1840,409.79,,,860.0,,85.0,,37.0,,37.0,LX
149,20180815,ATHPAR,8_2,sabre_unique,JU0513-JU0314-JU0311-JU0516,420.85,,,1260.0,,86.0,,58.0,,66.0,JU
150,20180815,ATHPAR,8_2,sabre_unique,JU0511-JU0314-JU0311-JU0516,420.85,,,1550.0,,86.0,,80.0,,95.0,JU
151,20180815,ATHPAR,8_2,sabre_unique,JU0517-JU0314-JU0311-JU0516,420.85,,,1895.0,,86.0,,103.0,,135.0,JU
152,20180815,ATHPAR,8_2,sabre_unique,OS0804-OS0411-OS7112-OS0803,422.71,,,2595.0,,87.0,,129.0,,190.0,OS
153,20180815,ATHPAR,8_2,sabre_unique,AZ0717-AZ0316-AZ0317-AZ0716,430.07,,,635.0,,88.0,,17.0,,17.0,AZ
154,20180815,ATHPAR,8_2,sabre_unique,AZ0717-AZ0316-AZ0325-AZ0722,430.07,,,650.0,,88.0,,20.0,,20.0,AZ
155,20180815,ATHPAR,8_2,sabre_unique,AZ0717-AZ0316-AZ0319-AZ0718,430.07,,,705.0,,88.0,,26.0,,26.0,AZ
156,20180815,ATHPAR,8_2,sabre_unique,AZ0717-AZ0318-AZ0317-AZ0716,430.07,,,765.0,,88.0,,28.0,,28.0,AZ
157,20180815,ATHPAR,8_2,sabre_unique,AZ0717-AZ0318-AZ0325-AZ0722,430.07,,,780.0,,88.0,,30.0,,30.0,AZ
158,20180815,ATHPAR,8_2,sabre_unique,AZ0717-AZ0318-AZ0319-AZ0718,430.07,,,835.0,,88.0,,34.0,,34.0,AZ
159,20180815,ATHPAR,8_2,sabre_unique,AZ0717-AZ0316-AZ0357-AZ0726,440.08,,,640.0,,89.0,,18.0,,18.0,AZ
160,20180815,ATHPAR,8_2,sabre_unique,AZ0717-AZ0318-AZ0357-AZ0726,440.08,,,770.0,,89.0,,29.0,,29.0,AZ
161,20180815,ATHPAR,8_2,sabre_unique,OS0804-OS0411-OS7112-OS0801,442.71,,,1940.0,,90.0,,107.0,,141.0,OS
162,20180815,ATHPAR,8_2,sabre_unique,A30752-A33365-A30615,446.62,,,590.0,,91.0,,12.0,,12.0,A3
163,20180815,ATHPAR,8_2,sabre_unique,A30752-A33365-A30619,455.62,,,595.0,,92.0,,13.0,,13.0,A3
164,20180815,ATHPAR,8_2,sabre_unique,OS0802-OS0417-OS7112-OS0803,457.71,,,1310.0,,93.0,,62.0,,71.0,OS
165,20180815,ATHPAR,8_2,sabre_unique,LX1831-LX0656-LX0647-LX4320,459.79,,,705.0,,94.0,,26.0,,26.0,LX
166,20180815,ATHPAR,8_2,sabre_unique,IB3151-IB3742-IB3435-IB3152,460.21,,,870.0,,95.0,,38.0,,38.0,IB
167,20180815,ATHPAR,8_2,sabre_unique,IB3151-IB3742-IB3417-IB3150,460.21,,,900.0,,95.0,,40.0,,40.0,IB
168,20180815,ATHPAR,8_2,sabre_unique,IB3151-IB3742-IB3417-IB3152,460.21,,,1165.0,,95.0,,53.0,,58.0,IB
169,20180815,ATHPAR,8_2,sabre_unique,IB3151-IB3742-IB3445-IB3282,460.21,,,1505.0,,95.0,,78.0,,92.0,IB
170,20180815,ATHPAR,8_2,sabre_unique,IB3151-IB3742-IB3743-IB3150,461.35,,,855.0,,96.0,,36.0,,36.0,IB
171,20180815,ATHPAR,8_2,sabre_unique,IB3151-IB3742-IB3743-IB3152,461.35,,,1120.0,,96.0,,48.0,,52.0,IB
172,20180815,ATHPAR,8_2,sabre_unique,IB3151-IB3742-IB3741-IB3282,461.35,,,1405.0,,96.0,,70.0,,81.0,IB
173,20180815,ATHPAR,8_2,sabre_unique,AZ0725-AZ0356-AZ0317-AZ0716,463.22,,,765.0,,97.0,,28.0,,28.0,AZ
174,20180815,ATHPAR,8_2,sabre_unique,AZ0725-AZ0356-AZ0325-AZ0722,463.22,,,780.0,,97.0,,30.0,,30.0,AZ
175,20180815,ATHPAR,8_2,sabre_unique,A30752-A33365-A30613,468.62,,,590.0,,98.0,,12.0,,12.0,A3
176,20180815,ATHPAR,8_2,sabre_unique,AZ0725-AZ0356-AZ0357-AZ0726,473.23,,,770.0,,99.0,,29.0,,29.0,AZ
177,20180815,ATHPAR,8_2,sabre_unique,A30752-A33365-A30611,477.62,,,590.0,,100.0,,12.0,,12.0,A3
178,20180815,ATHPAR,8_2,sabre_unique,OS0802-OS0417-OS7112-OS0801,477.71,,,655.0,,101.0,,21.0,,21.0,OS
179,20180815,ATHPAR,8_2,sabre_unique,OS0802-OS0417-OS7116-OS0803,477.71,,,995.0,,101.0,,41.0,,41.0,OS
180,20180815,ATHPAR,8_2,sabre_unique,A37306-A30452-A30615,491.08,,,675.0,,102.0,,23.0,,23.0,A3
181,20180815,ATHPAR,8_2,sabre_unique,OS0804-OS0415-OS7112-OS0801,492.71,,,850.0,,103.0,,35.0,,35.0,OS
182,20180815,ATHPAR,8_2,sabre_unique,OS0804-OS0415-OS7116-OS0803,492.71,,,1190.0,,103.0,,55.0,,60.0,OS
183,20180815,ATHPAR,8_2,sabre_unique,A37306-A30452-A30619,500.08,,,680.0,,104.0,,24.0,,24.0,A3
184,20180815,ATHPAR,8_2,sabre_unique,OS0802-OS0417-OS0412-OS0803,507.71,,,1140.0,,105.0,,49.0,,54.0,OS
185,20180815,ATHPAR,8_2,sabre_unique,A37306-A30452-A30613,513.08,,,675.0,,106.0,,23.0,,23.0,A3
186,20180815,ATHPAR,8_2,sabre_unique,A37306-A30452-A30611,522.08,,,675.0,,107.0,,23.0,,23.0,A3
187,20180815,ATHPAR,8_2,sabre_unique,RO0274-RO9385-RO9384-RO0273,532.78,,,1285.0,,108.0,,60.0,,68.0,RO
188,20180815,ATHPAR,8_2,sabre_unique,SK0778-SK0559-SK0566-SK0777,552.71,,,1875.0,,109.0,,101.0,,132.0,SK
189,20180815,ATHPAR,8_2,sabre_unique,SK0778-SK0559-SK0566-SK0777,581.71,,,800.0,,114.0,,31.0,,31.0,SK
190,20180815,ATHPAR,8_2,sabre_unique,SK0778-SK0565-SK0566-SK0777,552.71,,,2795.0,,109.0,,133.0,,204.0,SK
191,20180815,ATHPAR,8_2,sabre_unique,A30802-A31442-A30615,561.1,,,570.0,,110.0,,9.0,,9.0,A3
192,20180815,ATHPAR,8_2,sabre_unique,A30802-A31442-A30619,570.1,,,575.0,,111.0,,10.0,,10.0,A3
193,20180815,ATHPAR,8_2,sabre_unique,SK0778-SK0559-SK0578-SK2933,575.02,,,1145.0,,112.0,,50.0,,55.0,SK
194,20180815,ATHPAR,8_2,sabre_unique,A30610-A30613,577.53,,,410.0,,113.0,,4.0,,4.0,A3
195,20180815,ATHPAR,8_2,sabre_unique,SK0778-SK0559-SK0566-SK2777,581.71,,,890.0,,114.0,,39.0,,39.0,SK
196,20180815,ATHPAR,8_2,sabre_unique,A30802-A31442-A30613,583.1,,,570.0,,115.0,,9.0,,9.0,A3
197,20180815,ATHPAR,8_2,sabre_unique,A30610-A30611,586.53,,,410.0,,116.0,,4.0,,4.0,A3
198,20180815,ATHPAR,8_2,sabre_unique,A30802-A31442-A30611,592.1,,,570.0,,117.0,,9.0,,9.0,A3
199,20180815,ATHPAR,8_2,sabre_unique,A30614-A30613,678.53,,,400.0,,118.0,,3.0,,3.0,A3
200,20180815,ATHPAR,8_2,sabre_unique,A30614-A30611,687.53,,,400.0,,119.0,,3.0,,3.0,A3
201,20180815,ATHPAR,8_2,sabre_unique,0B8901-A30610-A30615-A37040,941.77,,,2145.0,,120.0,,116.0,,157.0,0B-A3
202,20180815,ATHPAR,8_2,sabre_unique,A30614-AF1832,1407.67,,,400.0,,121.0,,3.0,,3.0,A3-AF
203,20180815,ATHPAR,8_2,sabre_unique,A30610-AF1832,1407.67,,,410.0,,121.0,,4.0,,4.0,A3-AF
204,20180815,ATHPAR,8_2,competitor_unique,LH1279-LH1026-LX0639-LX1838,,306.35,,,2630.0,,3.0,,124.0,,LH-LX
205,20180815,ATHPAR,8_2,competitor_unique,LH1279-LH1026-LX0645-LX1842,,306.35,,,2770.0,,3.0,,132.0,,LH-LX
206,20180815,ATHPAR,8_2,competitor_unique,LH1279-LH1026-LX0657-LX1838,,306.35,,,2410.0,,3.0,,112.0,,LH-LX
207,20180815,ATHPAR,8_2,competitor_unique,LH1279-LH1026-LX0645-LX1838,,306.35,,,2290.0,,3.0,,102.0,,LH-LX
208,20180815,ATHPAR,8_2,competitor_unique,LH1279-LH1026-LH1027-LH1284,,319.62,,,1990.0,,9.0,,77.0,,LH
209,20180815,ATHPAR,8_2,competitor_unique,LH1279-LH1026-LH2235-LH1752,,327.6,,,2570.0,,16.0,,120.0,,LH
210,20180815,ATHPAR,8_2,competitor_unique,LH1279-LH1026-LH1031-LH1284,,329.62,,,1870.0,,17.0,,65.0,,LH
211,20180815,ATHPAR,8_2,competitor_unique,LH1279-LH1026-LH1029-LH1284,,329.62,,,1920.0,,17.0,,71.0,,LH
212,20180815,ATHPAR,8_2,competitor_unique,LH1279-LH1026-LH1027-LH1280,,332.31,,,2600.0,,18.0,,122.0,,LH
213,20180815,ATHPAR,8_2,competitor_unique,LH1279-LH1026-LX0657-LX2802-LX1822,,336.94,,,2350.0,,22.0,,107.0,,LH-LX
214,20180815,ATHPAR,8_2,competitor_unique,LH1279-LH1026-LH2227-LH1752,,336.94,,,1665.0,,22.0,,43.0,,LH
215,20180815,ATHPAR,8_2,competitor_unique,LH1279-LH1026-LH2227-LH1754,,336.94,,,1910.0,,22.0,,70.0,,LH
216,20180815,ATHPAR,8_2,competitor_unique,LH1279-LH1026-LH2231-LH0117-LH1284,,339.62,,,1670.0,,26.0,,44.0,,LH
217,20180815,ATHPAR,8_2,competitor_unique,LH1279-LH1026-LH1031-LH5914,,339.62,,,1710.0,,26.0,,49.0,,LH
218,20180815,ATHPAR,8_2,competitor_unique,LH1279-LH1026-LH1027-LH5914,,339.62,,,1830.0,,26.0,,62.0,,LH
219,20180815,ATHPAR,8_2,competitor_unique,LH1279-LH1026-LH1051-LH5914,,339.62,,,1925.0,,26.0,,72.0,,LH
220,20180815,ATHPAR,8_2,competitor_unique,LH1279-LH1026-LH1041-LH1282,,342.31,,,2450.0,,28.0,,114.0,,LH
221,20180815,ATHPAR,8_2,competitor_unique,LH1755-LH2234-LX0647-LX1830,,345.13,,,1005.0,,32.0,,1.0,,LH-LX
222,20180815,ATHPAR,8_2,competitor_unique,LH1755-LH2234-LX0647-LX1838,,345.13,,,1240.0,,32.0,,10.0,,LH-LX
223,20180815,ATHPAR,8_2,competitor_unique,LH1755-LH2234-LX0647-LX1840,,345.13,,,1455.0,,32.0,,25.0,,LH-LX
224,20180815,ATHPAR,8_2,competitor_unique,LH1755-LH2234-LX0647-LX1842,,345.13,,,1730.0,,32.0,,52.0,,LH-LX
225,20180815,ATHPAR,8_2,competitor_unique,LH1755-LH2234-LX0633-LX1838,,345.13,,,1070.0,,32.0,,4.0,,LH-LX
226,20180815,ATHPAR,8_2,competitor_unique,LH1755-LH2234-LX0633-LX1840,,345.13,,,1285.0,,32.0,,13.0,,LH-LX
227,20180815,ATHPAR,8_2,competitor_unique,LH1755-LH2234-LX0633-LX1842,,345.13,,,1560.0,,32.0,,34.0,,LH-LX
228,20180815,ATHPAR,8_2,competitor_unique,LH1755-LH2234-LX0633-LX1830,,345.13,,,2275.0,,32.0,,101.0,,LH-LX
229,20180815,ATHPAR,8_2,competitor_unique,LH1755-LH2234-LX0639-LX1842,,345.13,,,1245.0,,32.0,,11.0,,LH-LX
230,20180815,ATHPAR,8_2,competitor_unique,LH1755-LH2234-LX0639-LX1830,,345.13,,,1960.0,,32.0,,75.0,,LH-LX
231,20180815,ATHPAR,8_2,competitor_unique,LH1755-LH2234-LX0639-LX1838,,345.13,,,2205.0,,32.0,,98.0,,LH-LX
232,20180815,ATHPAR,8_2,competitor_unique,LH1755-LH2234-LX0657-LX1842,,345.13,,,1025.0,,32.0,,2.0,,LH-LX
233,20180815,ATHPAR,8_2,competitor_unique,LH1755-LH2234-LX0657-LX1830,,345.13,,,1740.0,,32.0,,53.0,,LH-LX
234,20180815,ATHPAR,8_2,competitor_unique,LH1755-LH2234-LX0645-LX1830,,345.13,,,1620.0,,32.0,,39.0,,LH-LX
235,20180815,ATHPAR,8_2,competitor_unique,LH1755-LH2234-LX0645-LX1842,,345.13,,,2345.0,,32.0,,106.0,,LH-LX
236,20180815,ATHPAR,8_2,competitor_unique,LH1755-LH2236-LX0647-LX1830,,345.13,,,1140.0,,32.0,,7.0,,LH-LX
237,20180815,ATHPAR,8_2,competitor_unique,LH1755-LH2236-LX0647-LX1838,,345.13,,,1375.0,,32.0,,17.0,,LH-LX
238,20180815,ATHPAR,8_2,competitor_unique,LH1755-LH2236-LX0647-LX1840,,345.13,,,1590.0,,32.0,,37.0,,LH-LX
239,20180815,ATHPAR,8_2,competitor_unique,LH1755-LH2236-LX0647-LX1842,,345.13,,,1865.0,,32.0,,64.0,,LH-LX
240,20180815,ATHPAR,8_2,competitor_unique,LH1755-LH2236-LX0633-LX1838,,345.13,,,1205.0,,32.0,,9.0,,LH-LX
241,20180815,ATHPAR,8_2,competitor_unique,LH1755-LH2236-LX0633-LX1840,,345.13,,,1420.0,,32.0,,21.0,,LH-LX
242,20180815,ATHPAR,8_2,competitor_unique,LH1755-LH2236-LX0633-LX1842,,345.13,,,1695.0,,32.0,,47.0,,LH-LX
243,20180815,ATHPAR,8_2,competitor_unique,LH1755-LH2236-LX0633-LX1830,,345.13,,,2410.0,,32.0,,112.0,,LH-LX
244,20180815,ATHPAR,8_2,competitor_unique,LH1755-LH2236-LX0639-LX1842,,345.13,,,1380.0,,32.0,,18.0,,LH-LX
245,20180815,ATHPAR,8_2,competitor_unique,LH1755-LH2236-LX0639-LX1830,,345.13,,,2095.0,,32.0,,86.0,,LH-LX
246,20180815,ATHPAR,8_2,competitor_unique,LH1755-LH2236-LX0639-LX1838,,345.13,,,2340.0,,32.0,,105.0,,LH-LX
247,20180815,ATHPAR,8_2,competitor_unique,LH1755-LH2236-LX0657-LX1842,,345.13,,,1160.0,,32.0,,8.0,,LH-LX
248,20180815,ATHPAR,8_2,competitor_unique,LH1755-LH2236-LX0657-LX1830,,345.13,,,1875.0,,32.0,,66.0,,LH-LX
249,20180815,ATHPAR,8_2,competitor_unique,LH1755-LH2236-LX0645-LX1830,,345.13,,,1755.0,,32.0,,54.0,,LH-LX
250,20180815,ATHPAR,8_2,competitor_unique,LH1755-LH2236-LX0645-LX1842,,345.13,,,2480.0,,32.0,,116.0,,LH-LX
251,20180815,ATHPAR,8_2,competitor_unique,LH1279-LH1026-LH2229-LH1750,,347.6,,,2530.0,,35.0,,119.0,,LH
252,20180815,ATHPAR,8_2,competitor_unique,LH1279-LH1026-LH2231-LH2372-LH5880,,348.07,,,1695.0,,36.0,,47.0,,LH
253,20180815,ATHPAR,8_2,competitor_unique,LH1279-LH1026-LH2239-LH2368-LH5874,,348.07,,,1910.0,,36.0,,70.0,,LH
254,20180815,ATHPAR,8_2,competitor_unique,LH1279-LH1026-LH2239-LH2368-LH5880,,348.07,,,2185.0,,36.0,,96.0,,LH
255,20180815,ATHPAR,8_2,competitor_unique,LH5877-LH1185-LH1046-LX0647-LX1830,,348.94,,,1060.0,,37.0,,3.0,,LH-LX
256,20180815,ATHPAR,8_2,competitor_unique,LH5877-LH1185-LH1046-LX0647-LX1838,,348.94,,,1295.0,,37.0,,14.0,,LH-LX
257,20180815,ATHPAR,8_2,competitor_unique,LH5877-LH1185-LH1046-LX0647-LX1840,,348.94,,,1510.0,,37.0,,31.0,,LH-LX
258,20180815,ATHPAR,8_2,competitor_unique,LH5877-LH1185-LH1046-LX0647-LX1842,,348.94,,,1785.0,,37.0,,57.0,,LH-LX
259,20180815,ATHPAR,8_2,competitor_unique,LH5877-LH1185-LH1046-LX0633-LX1838,,348.94,,,1125.0,,37.0,,6.0,,LH-LX
260,20180815,ATHPAR,8_2,competitor_unique,LH5877-LH1185-LH1046-LX0633-LX1840,,348.94,,,1340.0,,37.0,,16.0,,LH-LX
261,20180815,ATHPAR,8_2,competitor_unique,LH5877-LH1185-LH1046-LX0633-LX1842,,348.94,,,1615.0,,37.0,,38.0,,LH-LX
262,20180815,ATHPAR,8_2,competitor_unique,LH5877-LH1185-LH1046-LX0633-LX1830,,348.94,,,2330.0,,37.0,,104.0,,LH-LX
263,20180815,ATHPAR,8_2,competitor_unique,LH5877-LH1185-LH1046-LX0639-LX1842,,348.94,,,1300.0,,37.0,,15.0,,LH-LX
264,20180815,ATHPAR,8_2,competitor_unique,LH5877-LH1185-LH1046-LX0639-LX1830,,348.94,,,2015.0,,37.0,,80.0,,LH-LX
265,20180815,ATHPAR,8_2,competitor_unique,LH5877-LH1185-LH1046-LX0639-LX1838,,348.94,,,2260.0,,37.0,,100.0,,LH-LX
266,20180815,ATHPAR,8_2,competitor_unique,LH5877-LH1185-LH1046-LX0657-LX1842,,348.94,,,1080.0,,37.0,,5.0,,LH-LX
267,20180815,ATHPAR,8_2,competitor_unique,LH5877-LH1185-LH1046-LX0657-LX1830,,348.94,,,1795.0,,37.0,,58.0,,LH-LX
268,20180815,ATHPAR,8_2,competitor_unique,LH5877-LH1185-LH1046-LX0657-LX1838,,348.94,,,2040.0,,37.0,,81.0,,LH-LX
269,20180815,ATHPAR,8_2,competitor_unique,LH5877-LH1185-LH1046-LX0645-LX1830,,348.94,,,1675.0,,37.0,,45.0,,LH-LX
270,20180815,ATHPAR,8_2,competitor_unique,LH5877-LH1185-LH1046-LX0645-LX1838,,348.94,,,1920.0,,37.0,,71.0,,LH-LX
271,20180815,ATHPAR,8_2,competitor_unique,LH5877-LH1185-LH1046-LX0645-LX1842,,348.94,,,2400.0,,37.0,,111.0,,LH-LX
272,20180815,ATHPAR,8_2,competitor_unique,LH1279-LH1026-LH1029-LH5914,,349.62,,,1760.0,,38.0,,55.0,,LH
273,20180815,ATHPAR,8_2,competitor_unique,LH1279-LH1026-LH1041-LH5778-LH5876,,350.75,,,2180.0,,40.0,,95.0,,LH
274,20180815,ATHPAR,8_2,competitor_unique,LH5877-LH1185-LH1046-LH1051-LH1284,,351.06,,,1715.0,,41.0,,50.0,,LH
275,20180815,ATHPAR,8_2,competitor_unique,LH1279-LH1026-LH1035-LH1282,,352.31,,,2690.0,,43.0,,128.0,,LH
276,20180815,ATHPAR,8_2,competitor_unique,LH1755-LH2238-LX0647-LX1830,,352.59,,,1385.0,,45.0,,19.0,,LH-LX
277,20180815,ATHPAR,8_2,competitor_unique,LH1755-LH2238-LX0647-LX1838,,352.59,,,1620.0,,45.0,,39.0,,LH-LX
278,20180815,ATHPAR,8_2,competitor_unique,LH1755-LH2238-LX0647-LX1840,,352.59,,,1835.0,,45.0,,63.0,,LH-LX
279,20180815,ATHPAR,8_2,competitor_unique,LH1755-LH2238-LX0647-LX1842,,352.59,,,2110.0,,45.0,,87.0,,LH-LX
280,20180815,ATHPAR,8_2,competitor_unique,LH1755-LH2238-LX0633-LX1838,,352.59,,,1450.0,,45.0,,24.0,,LH-LX
281,20180815,ATHPAR,8_2,competitor_unique,LH1755-LH2238-LX0633-LX1840,,352.59,,,1665.0,,45.0,,43.0,,LH-LX
282,20180815,ATHPAR,8_2,competitor_unique,LH1755-LH2238-LX0633-LX1842,,352.59,,,1940.0,,45.0,,74.0,,LH-LX
283,20180815,ATHPAR,8_2,competitor_unique,LH1755-LH2238-LX0633-LX1830,,352.59,,,2655.0,,45.0,,127.0,,LH-LX
284,20180815,ATHPAR,8_2,competitor_unique,LH1755-LH2238-LX0639-LX1842,,352.59,,,1625.0,,45.0,,40.0,,LH-LX
285,20180815,ATHPAR,8_2,competitor_unique,LH1755-LH2238-LX0639-LX1830,,352.59,,,2340.0,,45.0,,105.0,,LH-LX
286,20180815,ATHPAR,8_2,competitor_unique,LH1755-LH2238-LX0639-LX1838,,352.59,,,2585.0,,45.0,,121.0,,LH-LX
287,20180815,ATHPAR,8_2,competitor_unique,LH1755-LH2238-LX0657-LX1842,,352.59,,,1405.0,,45.0,,20.0,,LH-LX
288,20180815,ATHPAR,8_2,competitor_unique,LH1755-LH2238-LX0657-LX1830,,352.59,,,2120.0,,45.0,,88.0,,LH-LX
289,20180815,ATHPAR,8_2,competitor_unique,LH1755-LH2238-LX0645-LX1830,,352.59,,,2000.0,,45.0,,79.0,,LH-LX
290,20180815,ATHPAR,8_2,competitor_unique,LH1755-LH2238-LX0645-LX1842,,352.59,,,2725.0,,45.0,,131.0,,LH-LX
291,20180815,ATHPAR,8_2,competitor_unique,LH1755-LH2234-LH1027-LH1284,,354.25,,,1565.0,,46.0,,35.0,,LH
292,20180815,ATHPAR,8_2,competitor_unique,LH1755-LH2236-LH1027-LH1284,,354.25,,,1700.0,,46.0,,48.0,,LH
293,20180815,ATHPAR,8_2,competitor_unique,LH1753-LH0093-LH1034-LX0647-LX1830,,356.58,,,1440.0,,53.0,,23.0,,LH-LX
294,20180815,ATHPAR,8_2,competitor_unique,LH1753-LH0093-LH1034-LX0647-LX1838,,356.58,,,1675.0,,53.0,,45.0,,LH-LX
295,20180815,ATHPAR,8_2,competitor_unique,LH1753-LH0093-LH1034-LX0647-LX1840,,356.58,,,1890.0,,53.0,,68.0,,LH-LX
296,20180815,ATHPAR,8_2,competitor_unique,LH1753-LH0093-LH1034-LX0647-LX1842,,356.58,,,2165.0,,53.0,,93.0,,LH-LX
297,20180815,ATHPAR,8_2,competitor_unique,LH1753-LH0093-LH1034-LX0633-LX1838,,356.58,,,1505.0,,53.0,,30.0,,LH-LX
298,20180815,ATHPAR,8_2,competitor_unique,LH1753-LH0093-LH1034-LX0633-LX1840,,356.58,,,1720.0,,53.0,,51.0,,LH-LX
299,20180815,ATHPAR,8_2,competitor_unique,LH1753-LH0093-LH1034-LX0633-LX1842,,356.58,,,1995.0,,53.0,,78.0,,LH-LX
300,20180815,ATHPAR,8_2,competitor_unique,LH1753-LH0093-LH1034-LX0633-LX1830,,356.58,,,2710.0,,53.0,,130.0,,LH-LX
301,20180815,ATHPAR,8_2,competitor_unique,LH1753-LH0095-LH1034-LX0647-LX1830,,356.58,,,1440.0,,53.0,,23.0,,LH-LX
302,20180815,ATHPAR,8_2,competitor_unique,LH1753-LH0095-LH1034-LX0647-LX1838,,356.58,,,1675.0,,53.0,,45.0,,LH-LX
303,20180815,ATHPAR,8_2,competitor_unique,LH1753-LH0095-LH1034-LX0647-LX1840,,356.58,,,1890.0,,53.0,,68.0,,LH-LX
304,20180815,ATHPAR,8_2,competitor_unique,LH1753-LH0095-LH1034-LX0647-LX1842,,356.58,,,2165.0,,53.0,,93.0,,LH-LX
305,20180815,ATHPAR,8_2,competitor_unique,LH1753-LH0095-LH1034-LX0633-LX1838,,356.58,,,1505.0,,53.0,,30.0,,LH-LX
306,20180815,ATHPAR,8_2,competitor_unique,LH1753-LH0095-LH1034-LX0633-LX1840,,356.58,,,1720.0,,53.0,,51.0,,LH-LX
307,20180815,ATHPAR,8_2,competitor_unique,LH1753-LH0095-LH1034-LX0633-LX1842,,356.58,,,1995.0,,53.0,,78.0,,LH-LX
308,20180815,ATHPAR,8_2,competitor_unique,LH1753-LH0095-LH1034-LX0633-LX1830,,356.58,,,2710.0,,53.0,,130.0,,LH-LX
309,20180815,ATHPAR,8_2,competitor_unique,LH1753-LH0097-LH1034-LX0647-LX1830,,356.58,,,1440.0,,53.0,,23.0,,LH-LX
310,20180815,ATHPAR,8_2,competitor_unique,LH1753-LH0097-LH1034-LX0647-LX1838,,356.58,,,1675.0,,53.0,,45.0,,LH-LX
311,20180815,ATHPAR,8_2,competitor_unique,LH1753-LH0097-LH1034-LX0647-LX1840,,356.58,,,1890.0,,53.0,,68.0,,LH-LX
312,20180815,ATHPAR,8_2,competitor_unique,LH1753-LH0097-LH1034-LX0647-LX1842,,356.58,,,2165.0,,53.0,,93.0,,LH-LX
313,20180815,ATHPAR,8_2,competitor_unique,LH1753-LH0097-LH1034-LX0633-LX1838,,356.58,,,1505.0,,53.0,,30.0,,LH-LX
314,20180815,ATHPAR,8_2,competitor_unique,LH1753-LH0097-LH1034-LX0633-LX1840,,356.58,,,1720.0,,53.0,,51.0,,LH-LX
315,20180815,ATHPAR,8_2,competitor_unique,LH1753-LH0097-LH1034-LX0633-LX1842,,356.58,,,1995.0,,53.0,,78.0,,LH-LX
316,20180815,ATHPAR,8_2,competitor_unique,LH1753-LH0097-LH1034-LX0633-LX1830,,356.58,,,2710.0,,53.0,,130.0,,LH-LX
317,20180815,ATHPAR,8_2,competitor_unique,LH1753-LH0093-LH1034-LX0639-LX1842,,356.58,,,1680.0,,53.0,,46.0,,LH-LX
318,20180815,ATHPAR,8_2,competitor_unique,LH1753-LH0093-LH1034-LX0639-LX1830,,356.58,,,2395.0,,53.0,,110.0,,LH-LX
319,20180815,ATHPAR,8_2,competitor_unique,LH1753-LH0093-LH1034-LX0639-LX1838,,356.58,,,2640.0,,53.0,,125.0,,LH-LX
320,20180815,ATHPAR,8_2,competitor_unique,LH1753-LH0093-LH1034-LX0657-LX1842,,356.58,,,1460.0,,53.0,,26.0,,LH-LX
321,20180815,ATHPAR,8_2,competitor_unique,LH1753-LH0093-LH1034-LX0657-LX1830,,356.58,,,2175.0,,53.0,,94.0,,LH-LX
322,20180815,ATHPAR,8_2,competitor_unique,LH1753-LH0093-LH1034-LX0657-LX1838,,356.58,,,2420.0,,53.0,,113.0,,LH-LX
323,20180815,ATHPAR,8_2,competitor_unique,LH1753-LH0093-LH1034-LX0645-LX1830,,356.58,,,2055.0,,53.0,,84.0,,LH-LX
324,20180815,ATHPAR,8_2,competitor_unique,LH1753-LH0093-LH1034-LX0645-LX1838,,356.58,,,2300.0,,53.0,,103.0,,LH-LX
325,20180815,ATHPAR,8_2,competitor_unique,LH1753-LH0093-LH1034-LX0645-LX1842,,356.58,,,2780.0,,53.0,,133.0,,LH-LX
326,20180815,ATHPAR,8_2,competitor_unique,LH1753-LH0095-LH1034-LX0639-LX1842,,356.58,,,1680.0,,53.0,,46.0,,LH-LX
327,20180815,ATHPAR,8_2,competitor_unique,LH1753-LH0095-LH1034-LX0639-LX1830,,356.58,,,2395.0,,53.0,,110.0,,LH-LX
328,20180815,ATHPAR,8_2,competitor_unique,LH1753-LH0095-LH1034-LX0639-LX1838,,356.58,,,2640.0,,53.0,,125.0,,LH-LX
329,20180815,ATHPAR,8_2,competitor_unique,LH1753-LH0095-LH1034-LX0657-LX1842,,356.58,,,1460.0,,53.0,,26.0,,LH-LX
330,20180815,ATHPAR,8_2,competitor_unique,LH1753-LH0095-LH1034-LX0657-LX1830,,356.58,,,2175.0,,53.0,,94.0,,LH-LX
331,20180815,ATHPAR,8_2,competitor_unique,LH1753-LH0095-LH1034-LX0657-LX1838,,356.58,,,2420.0,,53.0,,113.0,,LH-LX
332,20180815,ATHPAR,8_2,competitor_unique,LH1753-LH0095-LH1034-LX0645-LX1830,,356.58,,,2055.0,,53.0,,84.0,,LH-LX
333,20180815,ATHPAR,8_2,competitor_unique,LH1753-LH0095-LH1034-LX0645-LX1838,,356.58,,,2300.0,,53.0,,103.0,,LH-LX
334,20180815,ATHPAR,8_2,competitor_unique,LH1753-LH0095-LH1034-LX0645-LX1842,,356.58,,,2780.0,,53.0,,133.0,,LH-LX
335,20180815,ATHPAR,8_2,competitor_unique,LH1753-LH0097-LH1034-LX0639-LX1842,,356.58,,,1680.0,,53.0,,46.0,,LH-LX
336,20180815,ATHPAR,8_2,competitor_unique,LH1753-LH0097-LH1034-LX0639-LX1830,,356.58,,,2395.0,,53.0,,110.0,,LH-LX
337,20180815,ATHPAR,8_2,competitor_unique,LH1753-LH0097-LH1034-LX0639-LX1838,,356.58,,,2640.0,,53.0,,125.0,,LH-LX
338,20180815,ATHPAR,8_2,competitor_unique,LH1753-LH0097-LH1034-LX0657-LX1842,,356.58,,,1460.0,,53.0,,26.0,,LH-LX
339,20180815,ATHPAR,8_2,competitor_unique,LH1753-LH0097-LH1034-LX0657-LX1830,,356.58,,,2175.0,,53.0,,94.0,,LH-LX
340,20180815,ATHPAR,8_2,competitor_unique,LH1753-LH0097-LH1034-LX0657-LX1838,,356.58,,,2420.0,,53.0,,113.0,,LH-LX
341,20180815,ATHPAR,8_2,competitor_unique,LH1753-LH0097-LH1034-LX0645-LX1830,,356.58,,,2055.0,,53.0,,84.0,,LH-LX
342,20180815,ATHPAR,8_2,competitor_unique,LH1753-LH0097-LH1034-LX0645-LX1838,,356.58,,,2300.0,,53.0,,103.0,,LH-LX
343,20180815,ATHPAR,8_2,competitor_unique,LH1753-LH0097-LH1034-LX0645-LX1842,,356.58,,,2780.0,,53.0,,133.0,,LH-LX
344,20180815,ATHPAR,8_2,competitor_unique,LH1279-LH1026-LX0647-LX4320,,357.5,,,1555.0,,55.0,,33.0,,LH-LX
345,20180815,ATHPAR,8_2,competitor_unique,LH1279-LH1026-LX0657-LX4320,,357.5,,,2605.0,,55.0,,123.0,,LH-LX
346,20180815,ATHPAR,8_2,competitor_unique,LH1279-LH1026-LX0645-LX4320,,357.5,,,2485.0,,55.0,,117.0,,LH-LX
347,20180815,ATHPAR,8_2,competitor_unique,LH1279-LH1026-LH2235-LH0093-LH1282,,358.39,,,2490.0,,57.0,,118.0,,LH
348,20180815,ATHPAR,8_2,competitor_unique,LH1279-LH1026-LH2235-LH0095-LH1282,,358.39,,,2490.0,,57.0,,118.0,,LH
349,20180815,ATHPAR,8_2,competitor_unique,LH1753-LH0093-LH1034-LH1051-LH1284,,358.7,,,2095.0,,58.0,,86.0,,LH
350,20180815,ATHPAR,8_2,competitor_unique,LH1753-LH0095-LH1034-LH1051-LH1284,,358.7,,,2095.0,,58.0,,86.0,,LH
351,20180815,ATHPAR,8_2,competitor_unique,LH1753-LH0097-LH1034-LH1051-LH1284,,358.7,,,2095.0,,58.0,,86.0,,LH
352,20180815,ATHPAR,8_2,competitor_unique,LH1279-LH1026-LH1035-LH1284,,359.62,,,1680.0,,60.0,,46.0,,LH
353,20180815,ATHPAR,8_2,competitor_unique,LH1283-LH1034-LH1051-LH1284,,359.62,,,2145.0,,60.0,,90.0,,LH
354,20180815,ATHPAR,8_2,competitor_unique,LH5877-LH1185-LH1046-LH1027-LH1284,,361.06,,,1620.0,,64.0,,39.0,,LH
355,20180815,ATHPAR,8_2,competitor_unique,LH1279-LH1026-OS7112-OS0801,,361.46,,,1475.0,,65.0,,28.0,,LH-OS
356,20180815,ATHPAR,8_2,competitor_unique,LH1279-LH1026-OS7116-OS0803,,361.46,,,1815.0,,65.0,,61.0,,LH-OS
357,20180815,ATHPAR,8_2,competitor_unique,LH1279-LH1026-LH2239-LH2372-LH5880,,362.07,,,2185.0,,68.0,,96.0,,LH
358,20180815,ATHPAR,8_2,competitor_unique,LH1283-LH1026-LH1027-LH1284,,362.16,,,1740.0,,69.0,,53.0,,LH
359,20180815,ATHPAR,8_2,competitor_unique,LH1283-LH1028-LH1027-LH1284,,362.16,,,1805.0,,69.0,,59.0,,LH
